"qType","date","org","title","researcher","link"
"1","2026-07-03","AI-SLI","全球教育机器人发展蓝皮书2026：大模型、具身智能与人形机器人时代的学习","","https://data.eastmoney.com/report/zw_industry.jshtml?infocode=AP202607031826683014"
"1","2026-07-02","华鑫证券","计算机行业周报：火山引擎发布豆包2.1系列大模型，Claude Tag开启人机协作新范式","任春阳","https://data.eastmoney.com/report/zw_industry.jshtml?infocode=AP202607021826653808"
"1","2026-07-01","华鑫证券","计算机行业点评报告：赛富时：Q1收入与EPS保持增长，Agentforce/Data 360 ARR高增且全年收入指引上修","任春阳,谢孟津","https://data.eastmoney.com/report/zw_industry.jshtml?infocode=AP202607011826619267"
"1","2026-06-30","华龙证券","计算机行业周报：豆包大模型2.1 Pro发布，海内外模型持续迭代","孙伯文,朱凌萱","https://data.eastmoney.com/report/zw_industry.jshtml?infocode=AP202606301826562134"
"1","2026-06-30","国金证券","AI周观察：美光长期合同锁定未来产能，GPT5.6系列发布","刘道明,黄晓军","https://data.eastmoney.com/report/zw_industry.jshtml?infocode=AP202606281826515039"
"1","2026-06-30","山东大学","人工智能行业：DeepSeek应用与部署","李铁岗","https://data.eastmoney.com/report/zw_industry.jshtml?infocode=AP202606301826563534"
"1","2026-06-30","华鑫证券","计算机行业点评报告：GitLab（GTLB）：Q1营收增长23%，Duo AgentPlatform推进AI功能用量变现","任春阳,谢孟津","https://data.eastmoney.com/report/zw_industry.jshtml?infocode=AP202606301826605686"
"1","2026-06-30","国信证券","传媒互联网周报：OpenAI发布GPT-5.6 Sol预览版，豆包推出付费专业版","张衡,熊莉,陈瑶蓉","https://data.eastmoney.com/report/zw_industry.jshtml?infocode=AP202606301826594301"
"1","2026-06-29","华鑫证券","计算机行业点评报告：高通（QCOM.O）：发布数据中心路线图，全面布局Agentic AI时代","谢孟津,陈明璋","https://data.eastmoney.com/report/zw_industry.jshtml?infocode=AP202606291826524183"
"1","2026-06-29","国金证券","互联网行业研究：字节发布Seed 2.1和Seedance 2.5，OpenAI推出GPT-5.6","朱珺,柴梦婷","https://data.eastmoney.com/report/zw_industry.jshtml?infocode=AP202606281826514693"
"1","2026-06-29","头豹研究院","2026年音乐大模型行业研究：从“基础生成”到“成品级输出”，AI音乐开启商业化新浪潮","袁栩聪,付淑芳","https://data.eastmoney.com/report/zw_industry.jshtml?infocode=AP202606291826548335"
"1","2026-06-29","开源证券","传媒行业点评报告：大模型Token量持续高增，物理AI星辰大海，聚焦AI","方光照","https://data.eastmoney.com/report/zw_industry.jshtml?infocode=AP202606291826527220"
"1","2026-06-28","华鑫证券","计算机行业点评报告：OpenAI发布GPT-5.6，大模型仍处高速迭代期","谢孟津,陈明璋","https://data.eastmoney.com/report/zw_industry.jshtml?infocode=AP202606281826512829"
"1","2026-06-28","华鑫证券","计算机行业点评报告：英特尔强调CPU需求激增，Agentic AI带来CPU行业重大战略机遇","谢孟津,陈明璋","https://data.eastmoney.com/report/zw_industry.jshtml?infocode=AP202606281826515047"
"1","2026-06-28","开源证券","海外科技行业周报：GPT5.6性能提升、价格带下移，有望带动微软Azure增长加速","初敏,杨哲,荀月","https://data.eastmoney.com/report/zw_industry.jshtml?infocode=AP202606281826517738"
"1","2026-06-25","中邮证券","计算机行业：火山引擎Force大会召开，豆包Agent与多模态能力全面升级","李佩京,王思","https://data.eastmoney.com/report/zw_industry.jshtml?infocode=AP202606251823849032"
"1","2026-06-24","国金证券","互联网行业研究：字节全面进军Coding和Agent，多模态seedance2.5提质增效","朱珺,柴梦婷","https://data.eastmoney.com/report/zw_industry.jshtml?infocode=AP202606241823793070"
"1","2026-06-24","云安全联盟","Enterprise AI Security Starts With AI Agents","希拉里·巴伦","https://data.eastmoney.com/report/zw_industry.jshtml?infocode=AP202606241823809983"
"1","2026-06-24","国信证券","传媒互联网行业周报：大模型快速迭代，Agent平台与工具链持续繁荣","张衡,熊莉,陈瑶蓉","https://data.eastmoney.com/report/zw_industry.jshtml?infocode=AP202606241823817820"
"1","2026-06-23","金融街证券","智能科技行业5月报：大模型迭代加速，Token需求高增，聚焦人工智能ETF配置机遇","徐娜","https://data.eastmoney.com/report/zw_industry.jshtml?infocode=AP202606231823758199"
"1","2026-06-23","国元证券","人形机器人周报：阿里发布首个具身大模型Qwen-Robot系列，赛力斯首款机器人“小赛”亮相","龚斯闻,冯健然","https://data.eastmoney.com/report/zw_industry.jshtml?infocode=AP202606231823767536"
"1","2026-06-23","头豹研究院","2026年中国企业级AI行业：从流程嵌入到AgenticAI协同，迈向企业级AGI的演进路径","袁栩聪,徐小雅","https://data.eastmoney.com/report/zw_industry.jshtml?infocode=AP202606231823777918"
"1","2026-06-22","开源证券","传媒行业周报：继续布局大模型、物理AI、核心AI应用、算力租赁","方光照","https://data.eastmoney.com/report/zw_industry.jshtml?infocode=AP202606221823715544"
"1","2026-06-22","华源证券","传媒互联网行业周报：重视微信AI Agent灰测进度，关注字节FORCE原动力大会","陈良栋,陈逸凡,周政宇,许孟婕","https://data.eastmoney.com/report/zw_industry.jshtml?infocode=AP202606221823716341"
"1","2026-06-21","国金证券","互联网行业研究：智谱GLM-5.2跻身全球大模型第一梯队","朱珺,柴梦婷","https://data.eastmoney.com/report/zw_industry.jshtml?infocode=AP202606211823711438"
"1","2026-06-21","东吴证券","电子行业点评报告：国产算力周跟踪：国产大模型调用持续领先，智谱GLM-5.2完成多平台国产算力适配","陈海进,李雅文","https://data.eastmoney.com/report/zw_industry.jshtml?infocode=AP202606211823712737"
"2","2026-06-19","深圳来觅数据信息科技","【RimeData周报】AI资本战事升温，DeepSeek 500亿融资背后的估值逻辑与生态博弈2026年第24周","","https://data.eastmoney.com/report/zw_strategy.jshtml?encodeUrl=HL4tS9tLZZ9KFm9UIDn44dwSU1AWpSGUBBAs1IGhIo8%3D"
"2","2026-06-18","东吴证券","北交所定期报告：中方回应美国商务部暂缓将DeepSeek等中企加入限制清单，北证50上涨0.27%","朱洁羽,易申申,余慧勇,武阿兰,陈哲晓","https://data.eastmoney.com/report/zw_strategy.jshtml?encodeUrl=13BnGdH8vQGjruC%2BcsEfjnO7OltTk4%2FsdEji2Uf%2BgDo%3D"
"1","2026-06-18","华鑫证券","计算机行业点评报告：阿里：Qwen3.6-Plus登顶国内编程大模型榜首","谢孟津,陈明璋","https://data.eastmoney.com/report/zw_industry.jshtml?infocode=AP202606181823665855"
"1","2026-06-18","东吴证券","计算机行业深度报告：解析大模型行业：从发展历程到投资视角","王紫敬","https://data.eastmoney.com/report/zw_industry.jshtml?infocode=AP202606181823678972"
"1","2026-06-18","上海证券","计算机行业周报：大模型持续突破，国内模型调用量走强","章锋,杨佳伟","https://data.eastmoney.com/report/zw_industry.jshtml?infocode=AP202606181823657026"
"1","2026-06-17","国信证券","算力芯片行业报告：大模型驱动算力变革，国产算力迎增量机遇","叶子,胡慧,张大为,詹浏洋,连欣然","https://data.eastmoney.com/report/zw_industry.jshtml?infocode=AP202606171823620161"
"2","2026-06-16","国信证券","AI赋能资产配置（三十八）：Agent赋能开发行业轮动策略","陈凯畅","https://data.eastmoney.com/report/zw_strategy.jshtml?encodeUrl=DFBMkX5WIiTdr8VSVb2JH2qqiQKPZzqd5v8eEi4H85o%3D"
"2","2026-06-16","金融街证券","行业轮动ETF策略周报","张一,李杜","https://data.eastmoney.com/report/zw_strategy.jshtml?encodeUrl=DFBMkX5WIiTdr8VSVb2JH4VFF9X4DLl6uRNqKKv5Pxc%3D"
"1","2026-06-16","艾瑞股份","2026年中国互联网及AI大模型内容风控行业发展研究报告","艾瑞咨询行专研究部","https://data.eastmoney.com/report/zw_industry.jshtml?infocode=AP202606161823590505"
"1","2026-06-15","国信证券","传媒行业6月投资策略：AI资本化与Agent生态共振，关注AI应用叙事修复可能及游戏潮玩底部布局机会","张衡,陈瑶蓉","https://data.eastmoney.com/report/zw_industry.jshtml?infocode=AP202606151823580157"
"1","2026-06-15","万联证券","计算机行业跟踪报告：全球大模型token调用量持续增长，多款国产大模型位居全球领先梯队","夏清莹","https://data.eastmoney.com/report/zw_industry.jshtml?infocode=AP202606151823572645"
"2","2026-06-10","金融街证券","行业轮动ETF策略周报","张一,李杜","https://data.eastmoney.com/report/zw_strategy.jshtml?encodeUrl=%2FFnww1CLbs895%2B41ik%2BhEm2VRkYvtGVWrVLcyj2CO9A%3D"
"1","2026-06-10","头豹研究院","2025年金融智能体行业：智能体AI Agent的创新和应用","袁栩聪,徐小雅","https://data.eastmoney.com/report/zw_industry.jshtml?infocode=AP202606101823430415"
"2","2026-06-10","金融街证券","主题ETF系列研究报告：策略主题ETF：A股市场因子配置的精细化工具","张一,柯岩","https://data.eastmoney.com/report/zw_strategy.jshtml?encodeUrl=%2FFnww1CLbs895%2B41ik%2BhEjUfR%2FFMsSgnf8a0PnhK5vg%3D"
"1","2026-06-10","国信证券","传媒互联网周报：Anthropic正式提交IPO申请，Agent工具链持续进化","张衡,熊莉,陈瑶蓉","https://data.eastmoney.com/report/zw_industry.jshtml?infocode=AP202606101823423300"
"1","2026-06-10","金元证券","计算机行业点评报告：Apple Intelligence升级系统级AI底座，端侧Agent雏形显现","王鑫旸","https://data.eastmoney.com/report/zw_industry.jshtml?infocode=AP202606101823413743"
"1","2026-06-09","国元证券","传媒互联网行业周报：AI大模型密集迭代，关注暑期旺季传媒行业表现","李典","https://data.eastmoney.com/report/zw_industry.jshtml?infocode=AP202606091823400619"
"1","2026-06-08","万联证券","计算机行业跟踪报告：AI大模型综合能力持续增强，应用场景有望进一步拓宽拓深","夏清莹","https://data.eastmoney.com/report/zw_industry.jshtml?infocode=AP202606081823363296"
"1","2026-06-08","华源证券","传媒互联网行业周报：大厂AI Agent产品推进，关注优质内容表现","陈良栋,陈逸凡,周政宇,许孟婕","https://data.eastmoney.com/report/zw_industry.jshtml?infocode=AP202606081823349952"
"1","2026-06-08","灼识投资咨询(上海)","全球大模型行业报告","","https://data.eastmoney.com/report/zw_industry.jshtml?infocode=AP202606081823356965"
"1","2026-06-07","国金证券","互联网行业研究：OpenAI官宣Codex将与ChatGPT合体，豆包即将推出专业版","朱珺,柴梦婷","https://data.eastmoney.com/report/zw_industry.jshtml?infocode=AP202606071823343597"
"1","2026-06-05","艺恩数据","全球大模型数据市场白皮书","","https://data.eastmoney.com/report/zw_industry.jshtml?infocode=AP202606051823271560"
"1","2026-06-04","国新证券股份","电子行业：DeepSeek永久降价：模型成本曲线重构","钟哲元","https://data.eastmoney.com/report/zw_industry.jshtml?infocode=AP202606041823244532"
"1","2026-06-04","上海证券","计算机行业周报：大模型持续迭代，国产AI芯片迎来突破","章锋,杨佳伟","https://data.eastmoney.com/report/zw_industry.jshtml?infocode=AP202606041823237077"
"1","2026-06-02","华鑫证券","计算机行业周报：Claude Opus 4.8发布，小米MiMo大模型API永久降价","任春阳","https://data.eastmoney.com/report/zw_industry.jshtml?infocode=AP202606021823160994"
"1","2026-06-01","万联证券","计算机行业跟踪报告：关注海内外AI大模型迭代升级和AI应用商用化落地","夏清莹","https://data.eastmoney.com/report/zw_industry.jshtml?infocode=AP202606011823129115"
"1","2026-06-01","头豹研究院","中国金融大模型落地应用探析：智能金融，赋能未来","陈庆民","https://data.eastmoney.com/report/zw_industry.jshtml?infocode=AP202606011823133810"
"1","2026-05-31","国金证券","Web3行业研究：链上代币化趋势持续加强，AI Agent开启链上交易","王倩雯,樊志远","https://data.eastmoney.com/report/zw_industry.jshtml?infocode=AP202605311823107101"
"1","2026-05-29","头豹研究院","中国端侧大模型行业研究：算力优化与效率革命如何重塑行业生态","王利华","https://data.eastmoney.com/report/zw_industry.jshtml?infocode=AP202605291823028276"
"1","2026-05-29","国信证券","互联网：被低估的CPU与爆发的Agent时代：全球服务器CPU市场规模测算和趋势分析","张伦可,刘子谭","https://data.eastmoney.com/report/zw_industry.jshtml?infocode=AP202605291822987579"
"2","2026-05-28","解数咨询","OPC创业指南：一个人+N个Agent，把公司开起来","","https://data.eastmoney.com/report/zw_strategy.jshtml?encodeUrl=rmuxYk%2F8kah%2BEc3RizjA1DIX1iUbcIma%2F2kEaq9fL94%3D"
"1","2026-05-27","国信证券","传媒互联网行业周报：Agent平台竞争加剧，关注AI应用板块机会","张衡,熊莉,陈瑶蓉","https://data.eastmoney.com/report/zw_industry.jshtml?infocode=AP202605271822912916"
"1","2026-05-25","开源证券","计算机行业周报-周观点：发改委指导国产大模型适配国产芯片，继续重视国产算力","刘逍遥","https://data.eastmoney.com/report/zw_industry.jshtml?infocode=AP202605251822845137"
"1","2026-05-24","东吴证券","电子行业点评报告：国产算力周跟踪：DeepSeek降价推动AI应用，行业龙头继续明确Agent时代CPU核心地位","陈海进,李雅文","https://data.eastmoney.com/report/zw_industry.jshtml?infocode=AP202605241822840931"
"2","2026-05-23","深圳来觅数据信息科技","【RimeData周报】大模型资本化破局与具身智能产业资本加速入场","","https://data.eastmoney.com/report/zw_strategy.jshtml?encodeUrl=oTnALw0IwKnLe5aAuNhqSd4RURiWSdkamrEo5avmKrI%3D"
"2","2026-05-23","深圳来觅数据信息科技","【RimeData周报】600亿美元锁定Cursor、GPT-5.5上线、DeepSeek V4发布：AI产业本周三连击","","https://data.eastmoney.com/report/zw_strategy.jshtml?encodeUrl=oTnALw0IwKnLe5aAuNhqSXS9r5XJqXKRyB3UMe1Pe3I%3D"
"1","2026-05-20","国信证券","人工智能周报（26年第20周）：腾讯Hy3 preview上线两周Token调用量增长10倍，百度发布文心大模型5.1","张伦可,陈淑媛,王颖婕,刘子谭,张昊晨","https://data.eastmoney.com/report/zw_industry.jshtml?infocode=AP202605201822473543"
"1","2026-05-20","开源证券","计算机行业2026年中期投资策略：大模型商业化落地加速，国产算力强势崛起","刘逍遥","https://data.eastmoney.com/report/zw_industry.jshtml?infocode=AP202605201822477696"
"1","2026-05-20","国信证券","传媒互联网周报：国产Agent迭代迅速，关注AI应用底部轮动机会","张衡,熊莉,陈瑶蓉","https://data.eastmoney.com/report/zw_industry.jshtml?infocode=AP202605201822498903"
"1","2026-05-19","华鑫证券","计算机行业周报：OpenAI推出ChatGPT个人理财功能，GPT-5.5首破测试ProgramBench","任春阳","https://data.eastmoney.com/report/zw_industry.jshtml?infocode=AP202605191822432599"
"1","2026-05-19","头豹研究院","2025年金融智能体行业：智能体AI Agent的创新和应用","袁栩聪,徐小雅","https://data.eastmoney.com/report/zw_industry.jshtml?infocode=AP202605191822452869"
"1","2026-05-18","华源证券","计算机行业点评报告：长程Agent的入口争夺","宁柯瑜","https://data.eastmoney.com/report/zw_industry.jshtml?infocode=AP202605181822390949"
"1","2026-05-18","万联证券","计算机行业跟踪报告：关注我国AI大模型的垂直领域能力升级及商用化进程提速","夏清莹","https://data.eastmoney.com/report/zw_industry.jshtml?infocode=AP202605181822398255"
"1","2026-05-17","金元证券","传媒互联网行业周度点评报告：国产大模型持续突破，关注五一及暑期档电影市场表现","李景星,谭景文","https://data.eastmoney.com/report/zw_industry.jshtml?infocode=AP202605171822383890"
"1","2026-05-14","爱建证券","电子行业专题报告：DeepSeek V4发布，国产算力乘风起航","许亮,朱俊宇","https://data.eastmoney.com/report/zw_industry.jshtml?infocode=AP202605141822321825"
"1","2026-05-14","增长黑盒","2026中国OpenClaw生态现状：用户及企业应用调研报告-人类与AI Agent如何共同进化？","","https://data.eastmoney.com/report/zw_industry.jshtml?infocode=AP202605141822320153"
"1","2026-05-13","国元证券","传媒互联网行业周报：豆包测试增值付费服务，ChatGPT上线广告主平台","李典","https://data.eastmoney.com/report/zw_industry.jshtml?infocode=AP202605131822267665"
"1","2026-05-13","华鑫证券","计算机行业周报：OpenAI发布GPT-5.5 Instant，火山引擎推出Doubao-Seed-2.0-lite","任春阳","https://data.eastmoney.com/report/zw_industry.jshtml?infocode=AP202605131822276519"
"1","2026-05-12","中山证券","电子行业周报：DeepSeek-V4模型预览版正式上线","葛淼","https://data.eastmoney.com/report/zw_industry.jshtml?infocode=AP202605111822174571"
"1","2026-05-12","中银证券","计算机行业“一周解码”：豆包开启付费订阅测试，Anthropic发力C端，大模型商业化加速中","郑静文","https://data.eastmoney.com/report/zw_industry.jshtml?infocode=AP202605121822200188"
"1","2026-05-08","头豹研究院","中国大模型行业应用研究：大模型引领智能时代 助力各行业全面升级","陈庆民","https://data.eastmoney.com/report/zw_industry.jshtml?infocode=AP202605081822079730"
"2","2026-05-08","中银证券","策略点评：大模型付费催化AI应用商业化","王君,高天然","https://data.eastmoney.com/report/zw_strategy.jshtml?encodeUrl=Vzxb5dV9nZa96IsXVdMsLnPJ0MXHGAP3Yf58twspezY%3D"
"1","2026-05-07","国信证券","传媒互联网行业周报：国产Agent和多模态模型持续突破，五一档票房超过7亿","张衡,熊莉,陈瑶蓉","https://data.eastmoney.com/report/zw_industry.jshtml?infocode=AP202605071822032785"
"1","2026-05-06","开源证券","传媒行业周报：国产模型商业化提速，布局大模型/AI漫剧/算力租赁","方光照","https://data.eastmoney.com/report/zw_industry.jshtml?infocode=AP202605061821982012"
"1","2026-05-06","国信证券","传媒互联网行业周报：DeepSeek-V4和GPT-5.5发布，关注五一档票房表现","张衡,熊莉,陈瑶蓉","https://data.eastmoney.com/report/zw_industry.jshtml?infocode=AP202605061821996532"
"1","2026-04-29","头豹研究院","AI变革行业创新发展：中外大模型发展探析","常乔雨","https://data.eastmoney.com/report/zw_industry.jshtml?infocode=AP202604291821765437"
"1","2026-04-28","国元证券","传媒互联网行业周报：DeepSeek-V4发布，大模型密集迭代","李典","https://data.eastmoney.com/report/zw_industry.jshtml?infocode=AP202604281821673886"
"1","2026-04-28","国信证券","人工智能行业周报（26年第17周）：OpenAI发布GPT 5.5，DeepSeek V4上线","张伦可,陈淑媛,王颖婕,刘子谭,张昊晨","https://data.eastmoney.com/report/zw_industry.jshtml?infocode=AP202604281821693255"
"1","2026-04-28","华鑫证券","AI算力行业周报：谷歌发布新一代TPU，OpenAI发布GPT-5.5","庄宇,张璐,何鹏程,石俊烨","https://data.eastmoney.com/report/zw_industry.jshtml?infocode=AP202604281821660575"
"1","2026-04-28","华鑫证券","计算机行业周报：OpenAI发布GPT-5.5旗舰大模型，DeepSeekV4发布","任春阳","https://data.eastmoney.com/report/zw_industry.jshtml?infocode=AP202604281821652527"
"1","2026-04-28","上海证券","计算机行业周报-DeepSeek-V4发布：国产AI的“临界点”与“新范式”","章锋","https://data.eastmoney.com/report/zw_industry.jshtml?infocode=AP202604281821659756"
"1","2026-04-27","开源证券","科技行业周报：DeepSeek V4有望为AI行业带来系统性革新，政策助力数据资产化发展","初敏,杨哲","https://data.eastmoney.com/report/zw_industry.jshtml?infocode=AP202604271821596412"
"2","2026-04-27","东吴证券","策略周评：OpenAI发布GPT-5.5","陈刚,谢立昕","https://data.eastmoney.com/report/zw_strategy.jshtml?encodeUrl=I0G8zgsN1iSKizHA2BNZ6AgFrh6BxsPerLmkR%2BNT7VI%3D"
"1","2026-04-27","国元证券","计算机行业周报：板块小幅下跌，DeepSeek-V4预览版上线","耿军军","https://data.eastmoney.com/report/zw_industry.jshtml?infocode=AP202604271821598929"
"1","2026-04-27","东莞证券","半导体行业双周报：DeepSeek V4深度适配国产生态","刘梦麟","https://data.eastmoney.com/report/zw_industry.jshtml?infocode=AP202604271821606280"
"1","2026-04-27","国信证券","DeepSeek V4发布点评：百万上下文进入普惠时代，国产算力成功适配需求爆发将至","张伦可,陈淑媛,张昊晨","https://data.eastmoney.com/report/zw_industry.jshtml?infocode=AP202604271821597770"
"1","2026-04-27","信达证券","电子行业周报：Agent加速CPU短缺，产能吃紧或推动价格进一步提升","莫文宇,郭一江,杨宇轩,王义夫","https://data.eastmoney.com/report/zw_industry.jshtml?infocode=AP202604271821595585"
"1","2026-04-27","开源证券","传媒行业周报：关注游戏板块旺季效应及国产大模型继续迭代","方光照","https://data.eastmoney.com/report/zw_industry.jshtml?infocode=AP202604271821596406"
"1","2026-04-27","国金证券","AI周观察：国内外大模型密集发布，特斯拉汽车业务有所改善","刘道明,黄晓军","https://data.eastmoney.com/report/zw_industry.jshtml?infocode=AP202604271821633971"
"1","2026-04-27","爱建证券","电子行业周报：DeepSeek发布并同步开源V4大模型","许亮,朱俊宇","https://data.eastmoney.com/report/zw_industry.jshtml?infocode=AP202604271821626708"
"1","2026-04-27","万联证券","电子行业跟踪报告：DeepSeek V4正式发布，华为昇腾超节点系列产品全面支持","夏清莹,陈达","https://data.eastmoney.com/report/zw_industry.jshtml?infocode=AP202604271821626278"
"1","2026-04-27","万联证券","计算机行业跟踪报告：DeepSeek-V4模型预览版正式上线并同步开源，海内外大模型厂商纷纷提质降价","夏清莹","https://data.eastmoney.com/report/zw_industry.jshtml?infocode=AP202604271821626524"
"1","2026-04-26","开源证券","计算机行业周报-周观点：DeepSeek-V4开启百万上下文普惠时代，关注国产算力机遇","刘逍遥","https://data.eastmoney.com/report/zw_industry.jshtml?infocode=AP202604261821593957"
"1","2026-04-26","华源证券","传媒互联网行业周报：DeepSeek V4推出，腾讯发布Hy3 preview推动混元重建","陈良栋,陈逸凡,周政宇,许孟婕","https://data.eastmoney.com/report/zw_industry.jshtml?infocode=AP202604261821594090"
"1","2026-04-26","国信证券","计算机：DeepSeek-V4点评-多层面技术提升训练规模，超长上下文进入普惠时代","熊莉","https://data.eastmoney.com/report/zw_industry.jshtml?infocode=AP202604261821594022"
"1","2026-04-26","东吴证券","计算机行业点评报告：Agent时代CPU迎来重新定位，国产CPU有望量价齐升","王紫敬","https://data.eastmoney.com/report/zw_industry.jshtml?infocode=AP202604261821593594"
"1","2026-04-26","国金证券","通信行业研究：谷歌Next大会顺利举办，Deepseek发布V4大模型","张真桢","https://data.eastmoney.com/report/zw_industry.jshtml?infocode=AP202604261821593473"
"1","2026-04-26","东吴证券","电子行业点评报告：国产算力周跟踪：DeepSeek-V4有望打开国产算力增长新空间，Intel财报指引CPU产业链持续景气","陈海进,李雅文","https://data.eastmoney.com/report/zw_industry.jshtml?infocode=AP202604261821593866"
"1","2026-04-26","国金证券","计算机行业周报：DeepSeek V4发布，国产算力加速","李可夫,刘高畅","https://data.eastmoney.com/report/zw_industry.jshtml?infocode=AP202604261821592920"
"1","2026-04-26","中银证券","电子：DeepSeek V4系列发布-DeepSeek V4系列协同华为昇腾，重新定义高性能模型性价比时代","苏凌瑶,茅珈恺","https://data.eastmoney.com/report/zw_industry.jshtml?infocode=AP202604261821586618"
"2","2026-04-22","国金证券","行业轮动双周度跟踪：边际增持非银金融、环保和基础化工","高鹤文,冯思诗","https://data.eastmoney.com/report/zw_strategy.jshtml?encodeUrl=oJHUkvoF%2BYqNhnlDxd5vJoRy76885fP5j30AORlbDTU%3D"
"1","2026-04-21","东吴证券","公用事业行业跟踪周报：国家能源局推动气象与电力大模型深度耦合，江西有序推动绿电直连发展实施方案","袁理,任逸轩","https://data.eastmoney.com/report/zw_industry.jshtml?infocode=AP202604211821375083"
"1","2026-04-20","解数咨询","AI编程行业深度研究报告：从代码补全到智能体（Agent）时代","","https://data.eastmoney.com/report/zw_industry.jshtml?infocode=AP202604201821352864"
"1","2026-04-20","万联证券","计算机行业跟踪报告：AI大模型应用能力持续升级，关注词元调用量增长及AI安全的部署需求","夏清莹","https://data.eastmoney.com/report/zw_industry.jshtml?infocode=AP202604201821341339"
"1","2026-04-19","国信证券","人工智能行业专题（16）：Agent驱动全球模型厂MaaS收入爆发，国产模型各有优势","张伦可,陈淑媛","https://data.eastmoney.com/report/zw_industry.jshtml?infocode=AP202604191821320224"
"1","2026-04-19","国金证券","通信行业周报：中际旭创一季报业绩超预期，DeepSeek寻求融资","张真桢","https://data.eastmoney.com/report/zw_industry.jshtml?infocode=AP202604191821322553"
"1","2026-04-15","华源证券","AI应用追寻系列报告（三）：OpenClaw启发AI Agent新阶段：能力跃迁与入口争夺","陈良栋","https://data.eastmoney.com/report/zw_industry.jshtml?infocode=AP202604141821200006"
"1","2026-04-15","上海证券","计算机行业周报：大模型创新仍在加速，推动AI推理需求爆发","章锋","https://data.eastmoney.com/report/zw_industry.jshtml?infocode=AP202604151821223438"
"1","2026-04-15","华鑫证券","计算机行业周报：Claude Mythos Preview正式发布，HermesAgent引爆开源社区","任春阳","https://data.eastmoney.com/report/zw_industry.jshtml?infocode=AP202604151821221000"
"1","2026-04-14","上海证券","电子行业周报：DeepSeek V4全面适配昇腾950PR芯片，苹果折叠屏有望带动产业链增长","李心语","https://data.eastmoney.com/report/zw_industry.jshtml?infocode=AP202604141821168035"
"1","2026-04-14","万联证券","计算机行业跟踪报告：AI大模型争相迭代，Anthropic称ARR突破300亿美元","夏清莹","https://data.eastmoney.com/report/zw_industry.jshtml?infocode=AP202604141821170585"
"1","2026-04-13","国信证券","人工智能周报（26年第15周）：腾讯QClaw正式开启公测，小米推出三款面向Agent时代的大模型","张伦可,陈淑媛,王颖婕,刘子谭,张昊晨","https://data.eastmoney.com/report/zw_industry.jshtml?infocode=AP202604131821149821"
"1","2026-04-13","开源证券","海外科技行业周报：模型迭代节奏仍然快速，Hermes Agent提供新的智能体思路","初敏,杨哲","https://data.eastmoney.com/report/zw_industry.jshtml?infocode=AP202604131821144423"
"1","2026-04-13","华源证券","人形机器人产业周报：智元物理AI全栈升级，具身大模型开始竞逐","赵梦妮","https://data.eastmoney.com/report/zw_industry.jshtml?infocode=AP202604131821148909"
"1","2026-04-13","开源证券","传媒行业周报：大模型商业化或加速，关注游戏一季报及重磅新游","方光照","https://data.eastmoney.com/report/zw_industry.jshtml?infocode=AP202604131821144306"
"1","2026-04-12","东吴证券","汽车零部件&机器人主线周报：优必选“牵手”德马，智元发布新一代基座大模型Go-2","黄细里,郭雨蒙","https://data.eastmoney.com/report/zw_industry.jshtml?infocode=AP202604121821141135"
"1","2026-04-12","开源证券","通信行业周报：Lumentum短期产能售罄，国产大模型连创佳绩，AI势如破竹","蒋颖,杜致远,杨昕东","https://data.eastmoney.com/report/zw_industry.jshtml?infocode=AP202604121821140105"
"1","2026-04-10","金元证券","计算机行业点评报告：Anthropic发布Managed Agents，头部大模型公司入局Agent Infra","周强","https://data.eastmoney.com/report/zw_industry.jshtml?infocode=AP202605221822678034"
"1","2026-04-07","开源证券","海外行业周报：ChatGPT用户增长放缓，外卖竞争有望边际改善","初敏,荀月","https://data.eastmoney.com/report/zw_industry.jshtml?infocode=AP202604071821035728"
"2","2026-04-05","深圳来觅数据信息科技","RimeData周报：开源大模型端侧竞争深化，高端制造业凸显耐心资本 2026年第13周","","https://data.eastmoney.com/report/zw_strategy.jshtml?encodeUrl=pT2ZL8Zs9%2F2VwVBQts02lIsf4GP4jadNY3%2Bo2REmgGg%3D"
"1","2026-04-03","中邮证券","传媒：AI Agent加速短剧供给侧扩容，看好IP、平台方价值持续提升","王晓萱","https://data.eastmoney.com/report/zw_industry.jshtml?infocode=AP202604031821013968"
"1","2026-04-01","华鑫证券","计算机行业点评报告：GitLab：基本盘维持稳健，Duo Agent Platform与混合定价打开长期增量空间","任春阳,谢孟津","https://data.eastmoney.com/report/zw_industry.jshtml?infocode=AP202604011820936396"
"1","2026-04-01","华鑫证券","计算机行业点评报告：Salesforce（CRM.N）：Agentforce与数据云开始贡献增量，平台化销售继续推高收入质量","任春阳,谢孟津","https://data.eastmoney.com/report/zw_industry.jshtml?infocode=AP202604011820937562"
"1","2026-03-31","华鑫证券","计算机行业点评报告：MiniMax发布M2.7自进化大模型，技术革新再突破","任春阳,谢孟津","https://data.eastmoney.com/report/zw_industry.jshtml?infocode=AP202603311820894821"
"1","2026-03-31","华鑫证券","计算机行业点评报告：百度（BIDU.O）：发布文心大模型5.0正式版，商业化前景清晰","任春阳,谢孟津","https://data.eastmoney.com/report/zw_industry.jshtml?infocode=AP202603311820892323"
"1","2026-03-31","华鑫证券","计算机行业点评报告：OpenAI发布GPT-5.4，原生计算机能力开启AI专业级应用新阶段","任春阳,谢孟津","https://data.eastmoney.com/report/zw_industry.jshtml?infocode=AP202603311820892297"
"1","2026-03-31","华鑫证券","计算机行业点评报告：昆仑万维发布2026 AGI战略及三大世界级大模型，技术壁垒与商业化空间双升级","任春阳,谢孟津","https://data.eastmoney.com/report/zw_industry.jshtml?infocode=AP202603311820894827"
"1","2026-03-30","金融街证券","智能科技行业2月报：“龙虾”生态爆火推动行业格局重构，AI Agent产业链持续受益","徐娜","https://data.eastmoney.com/report/zw_industry.jshtml?infocode=AP202603301820874617"
"1","2026-03-30","开源证券","海外科技行业周报：OpenClaw生态持续深化发展，国产大模型全球市占率再攀新高","初敏,杨哲,荀月","https://data.eastmoney.com/report/zw_industry.jshtml?infocode=AP202603301820844532"
"2","2026-03-30","金融街证券","行业轮动ETF策略周报","张一,李杜","https://data.eastmoney.com/report/zw_strategy.jshtml?encodeUrl=x9pIQofGzI9LIaB0HSp91gb9Vq7xm4NH0hlo1FggjDA%3D"
"2","2026-03-30","金融街证券","行业轮动ETF策略周报","张一,李杜","https://data.eastmoney.com/report/zw_strategy.jshtml?encodeUrl=x9pIQofGzI9LIaB0HSp91plCv314S0rUKM4N%2Bq3rNSg%3D"
"1","2026-03-30","万联证券","计算机行业跟踪报告：“Token”中文名确定为“词元”，关注“词元经济”和AI大模型的商业化路径","夏清莹","https://data.eastmoney.com/report/zw_industry.jshtml?infocode=AP202603301820875510"
"2","2026-03-30","金融街证券","大类资产策略研究（二）：全天候策略研究：基于境内ETF的多资产配置实践","张一,柯岩","https://data.eastmoney.com/report/zw_strategy.jshtml?encodeUrl=x9pIQofGzI9LIaB0HSp91lGi7H4fewiAWrWEp9OMuHg%3D"
"1","2026-03-30","太平洋","传媒互联网行业点评：Claude更新功能向Agent演进，OpenAI关停Sora","郑磊,李林卉","https://data.eastmoney.com/report/zw_industry.jshtml?infocode=AP202603301820876647"
"1","2026-03-29","国金证券","计算机行业研究：再一次谈自定义Agent","刘高畅","https://data.eastmoney.com/report/zw_industry.jshtml?infocode=AP202603291820837408"
"1","2026-03-26","沙利文公司","2026年中国智能体市场洞察：侵入式Agent产业治理白皮书","","https://data.eastmoney.com/report/zw_industry.jshtml?infocode=AP202603261820773453"
"1","2026-03-26","华鑫证券","计算机行业周报：GPT-5.4mini与nano轻量登场，SkyReels-V4登顶全球AI视频大模型榜首","任春阳","https://data.eastmoney.com/report/zw_industry.jshtml?infocode=AP202603261820757819"
"1","2026-03-24","万联证券","通信行业跟踪报告：GTC及OFC 2026聚焦AI算力、Token、Agent以及超大规模AI数据中心的互连需求","夏清莹","https://data.eastmoney.com/report/zw_industry.jshtml?infocode=AP202603241820722245"
"1","2026-03-24","爱建证券","电子行业专题报告：OpenClaw赋能AI Agent新范式","许亮,朱俊宇","https://data.eastmoney.com/report/zw_industry.jshtml?infocode=AP202603241820721473"
"1","2026-03-20","夲鱼工作室","破局与重塑：2026前沿科技与产业趋势全景洞察：从大模型到智能体，从出海战略到新质消费——解码未来十年的增长蓝图","","https://data.eastmoney.com/report/zw_industry.jshtml?infocode=AP202603201820675212"
"1","2026-03-20","联储证券","AI Agent范式升级：从OpenClaw看产业链增长机遇","王竞萱","https://data.eastmoney.com/report/zw_industry.jshtml?infocode=AP202603201820675193"
"1","2026-03-19","山西证券","通信行业周跟踪：OFC打开光通信多路线成长空间，关注GTC多AGENT系统架构创新","张天","https://data.eastmoney.com/report/zw_industry.jshtml?infocode=AP202603191820638070"
"2","2026-03-18","东海证券","技术分析上证指数简评：上证指数短线有调整风险，但长线向好未变","王洋","https://data.eastmoney.com/report/zw_strategy.jshtml?encodeUrl=s7nmvLweMqllj8ucx4%2FdSVL38AdY9QBIECNA8ZK%2FBTY%3D"
"1","2026-03-16","东海证券","电子行业周报：OpenClaw引发Agent热潮，推理Token需求拉动算力增长","方霁","https://data.eastmoney.com/report/zw_industry.jshtml?infocode=AP202603161820578951"
"2","2026-03-16","东吴证券","策略周评：Openclaw加速推动Agent落地","陈刚,谢立昕","https://data.eastmoney.com/report/zw_strategy.jshtml?encodeUrl=ivGavoqmU0N6YSeJK0gsmlabHeBZyMaVEkgotO%2BhKu0%3D"
"1","2026-03-16","开源证券","电子行业点评报告：OpenClaw热潮加速端侧Agent渗透，推理算力需求激增","陈蓉芳,陈瑜熙,张威震","https://data.eastmoney.com/report/zw_industry.jshtml?infocode=AP202603161820572634"
"1","2026-03-12","国新证券股份","计算机行业周报：OpenAI发布最新模型GPT-5.4","钟哲元","https://data.eastmoney.com/report/zw_industry.jshtml?infocode=AP202603121820506373"
"1","2026-03-10","华鑫证券","半导体行业周报：半导体产业链景气度结构性攀升，Agentic AI带动CPU价值重估","何鹏程","https://data.eastmoney.com/report/zw_industry.jshtml?infocode=AP202603101820436373"
"1","2026-03-10","华鑫证券","计算机行业周报：GPT-5.4开启智能体新纪元，REDSearcher框架实现深度搜索Agent技术突破","任春阳","https://data.eastmoney.com/report/zw_industry.jshtml?infocode=AP202603101820436379"
"1","2026-03-10","金元证券","计算机行业周评：AI进入“Agent时代”","周强","https://data.eastmoney.com/report/zw_industry.jshtml?infocode=AP202603101820453944"
"1","2026-03-09","开源证券","海外行业周报：AI应用向Agent进化，Robotaxi市场化进程提速","初敏,荀月,杨哲","https://data.eastmoney.com/report/zw_industry.jshtml?infocode=AP202603091820403487"
"1","2026-03-09","中银证券","计算机行业“一周解码”：OpenClaw带领AI步入“实用Agent”时代","杨思睿,郑静文","https://data.eastmoney.com/report/zw_industry.jshtml?infocode=AP202603091820408308"
"1","2026-03-09","中邮证券","计算机：OpenAI发布GPT 5.4再登王者之位，Agent能力再上台阶","李佩京,王思","https://data.eastmoney.com/report/zw_industry.jshtml?infocode=AP202603091820411027"
"1","2026-03-08","国金证券","计算机：GPT-5.4：执行型AI加速落地，OpenClaw绝佳搭档","刘高畅","https://data.eastmoney.com/report/zw_industry.jshtml?infocode=AP202603081820390974"
"1","2026-03-08","开源证券","电子行业周报：存储高景气度逐步向上游扩散，OpenClaw登顶GitHub开启端侧AIAgent新形态","陈蓉芳,向俊儒","https://data.eastmoney.com/report/zw_industry.jshtml?infocode=AP202603081820389005"
"1","2026-03-08","国金证券","传媒互联网产业行业研究：阿里大模型品牌统一为千问，大钲资本竞得蓝瓶咖啡","李华熠,柴梦婷,李洁","https://data.eastmoney.com/report/zw_industry.jshtml?infocode=AP202603081820390930"
"2","2026-03-05","浦银国际证券","大模型投资系列（1）：市值比肩京东、快手，智谱和MiniMax的稀缺性溢价和结构性分化","赵丹,杨子超","https://data.eastmoney.com/report/zw_strategy.jshtml?encodeUrl=RQ5zBQNbE%2BfVs8MTnXIk%2FwUv%2F%2BpASAaHsM9L6sE9%2Bns%3D"
"1","2026-03-05","东吴证券","房地产行业深度报告：基于量化分析与大模型的房地产股票AI选股系统","姜好幸,刘汪","https://data.eastmoney.com/report/zw_industry.jshtml?infocode=AP202603051820297405"
"1","2026-03-04","华鑫证券","计算机行业周报：OpenClaw推动AI迈入Agent时代，NanoBanana2重塑图像生成格局","任春阳","https://data.eastmoney.com/report/zw_industry.jshtml?infocode=AP202603041820254315"
"1","2026-03-03","国信证券","互联网行业2026年3月投资策略：观察Agent对互联网生态流量和用户的影响，优选领先大模型厂商和算力供应链","张伦可,陈淑媛,王颖婕,刘子谭,张昊晨","https://data.eastmoney.com/report/zw_industry.jshtml?infocode=AP202603031820214091"
"1","2026-03-03","国元证券","计算机行业周报：本周行业小幅上涨，大模型商业化加速","耿军军,王朗","https://data.eastmoney.com/report/zw_industry.jshtml?infocode=AP202603031820210529"
"1","2026-03-03","国信证券","传媒互联网周报：DeepSeek V4将发布，持续看好AI应用","张衡,熊莉,陈瑶蓉","https://data.eastmoney.com/report/zw_industry.jshtml?infocode=AP202603031820228875"
"1","2026-03-03","万联证券","计算机行业跟踪报告：国产AI大模型使用量大幅增长，关注AI产业的生态构建和数据基础设施建设","夏清莹","https://data.eastmoney.com/report/zw_industry.jshtml?infocode=AP202603031820234227"
"2","2026-03-02","国信证券","AI赋能资产配置（三十七）：AI+Deep Research: ESG投研自动化解决方案","王开,陈凯畅","https://data.eastmoney.com/report/zw_strategy.jshtml?encodeUrl=xaPE959pU87MWNSCxuLFL4mykYMRaMOimzt6rKrWuZ4%3D"
"1","2026-03-02","华龙证券","传媒行业周报：字节发布Seed 2.0系列模型，千问位居中国企业级大模型市场第一","孙伯文,王佳琪","https://data.eastmoney.com/report/zw_industry.jshtml?infocode=AP202603021820180289"
"1","2026-03-01","开源证券","通信行业周报：英伟达业绩亮眼，DeepSeek新突破，重视全球AI共振","蒋颖,杜致远","https://data.eastmoney.com/report/zw_industry.jshtml?infocode=AP202603011820157992"
"1","2026-02-27","申港证券","电子行业研究周报：国产大模型出海预期提升，行业涨价多向传导","王伟","https://data.eastmoney.com/report/zw_industry.jshtml?infocode=AP202602271820087213"
"1","2026-02-27","头豹研究院","2025年医疗大模型品牌推荐：海量知识深度整合，智能生成革新医疗范式","","https://data.eastmoney.com/report/zw_industry.jshtml?infocode=AP202602271820107543"
"1","2026-02-26","山西证券","通信行业周跟踪：国产大模型春节档密集推新，NPO和柜内光3月重点关注","张天,赵天宇","https://data.eastmoney.com/report/zw_industry.jshtml?infocode=AP202602261820064869"
"1","2026-02-24","中航证券","AI医疗2月月报：AI药物发现提速，国产医疗大模型彰显国际竞争力","李蔚","https://data.eastmoney.com/report/zw_industry.jshtml?infocode=AP202602241819995547"
"1","2026-02-24","中银证券","AI行业点评：大模型演进路径逐渐清晰，算力或供不应求","苏凌瑶,周世辉,茅珈恺","https://data.eastmoney.com/report/zw_industry.jshtml?infocode=AP202602241819996626"
"1","2026-02-24","开源证券","电子行业点评报告：海内外大模型密集更新，推动AI算力需求持续增长","陈蓉芳,张威震","https://data.eastmoney.com/report/zw_industry.jshtml?infocode=AP202602231819984093"
"1","2026-02-23","开源证券","海外AI行业周报：春节成为C端AI全民普及拐点，国产大模型跻身全球第一梯队","初敏,杨哲,荀月","https://data.eastmoney.com/report/zw_industry.jshtml?infocode=AP202602231819981353"
"2","2026-02-22","深圳来觅数据信息科技","RimeData周报：Seedance 2.0发布突破音画同步瓶颈，OpenClaw安全合作启动暴露Agent治理缺口","","https://data.eastmoney.com/report/zw_strategy.jshtml?encodeUrl=tJcSnfpJq0g4B2iySjXZr77r3L2vHU08%2FiIuPSXuFG4%3D"
"1","2026-02-21","国新证券股份","计算机：OpenClaw带动AI Agent渗透提速","钟哲元","https://data.eastmoney.com/report/zw_industry.jshtml?infocode=AP202602211819975835"
"1","2026-02-13","国信证券","传媒行业2月投资策略：大模型能力与大厂AI应用加速，持续看好AI应用与IP潮玩机会","张衡,陈瑶蓉","https://data.eastmoney.com/report/zw_industry.jshtml?infocode=AP202602131819926222"
"1","2026-02-13","头豹研究院","金融智能体：从大模型到智能体，AI如何重构金融服务生态？","袁栩聪,付淑芳","https://data.eastmoney.com/report/zw_industry.jshtml?infocode=AP202602131819924935"
"2","2026-02-08","东吴证券","策略周评：Claude Opus 4.6开启多Agent协作模式","陈刚,谢立昕","https://data.eastmoney.com/report/zw_strategy.jshtml?encodeUrl=laLmyrxo1oSiGrVFb48kwNB9hRmOy4FTrUACE80WZMM%3D"
"2","2026-01-30","中银证券","策略点评：Moltbot催化AI agent产业链投资机会","王君,高天然","https://data.eastmoney.com/report/zw_strategy.jshtml?encodeUrl=Vbzdc53JbV6%2FGPJE8j%2FCmmEDxv1%2BpUy4%2FDYGN7CbgKs%3D"
"2","2026-01-29","国信证券","AI赋能资产配置（三十六）：更高、更快、更强！AI技术分析进化论","陈凯畅,王开","https://data.eastmoney.com/report/zw_strategy.jshtml?encodeUrl=vQBx8EoWSH5B8Z9rNTdBqGZ1xPm8Gw1ENU5mznLxTFE%3D"
"2","2026-01-27","国信证券","AI赋能资产配置（三十五）：用AI来“接管”投资时钟","王开","https://data.eastmoney.com/report/zw_strategy.jshtml?encodeUrl=ti0C8157FPcX743pDeeMGC1%2Fzh7hHb563RN4dpG3mO4%3D"
"2","2025-12-22","国信证券","估值周观察（12月第3期）：风格反转，行业轮动","王开,陈凯畅","https://data.eastmoney.com/report/zw_strategy.jshtml?encodeUrl=%2F3mWTBCzbS3S7%2FZc46MWFPvw34Mc8bBXnPtsSJzdB18%3D"
"2","2025-12-14","国信证券","AI赋能资产配置（三十二）：AI如何赋能财经信息“聚合提纯”？","王开,陈凯畅","https://data.eastmoney.com/report/zw_strategy.jshtml?encodeUrl=UuMiCa57Dzl2XEUqskt5goj4MWwUTR3aX8q8JeQPjhA%3D"
"2","2025-12-14","开源证券","北交所策略专题报告：GPT5.2发布、千问破3000万月活，聚焦AI产业映射下北证核心资产","诸海滨","https://data.eastmoney.com/report/zw_strategy.jshtml?encodeUrl=UuMiCa57Dzl2XEUqskt5gpPJ12I9wASniV7zczLF6c0%3D"
"2","2025-12-14","国信证券","AI赋能资产配置（三十三）：DeepSeek与Gemini，谁更懂A股？","王开,陈凯畅","https://data.eastmoney.com/report/zw_strategy.jshtml?encodeUrl=UuMiCa57Dzl2XEUqskt5ggeo7NJC%2F%2FerUlHKppyJh0k%3D"
"2","2025-12-11","国信证券","AI赋能资产配置（三十）：投研效率革命已至，但AI边界在哪？","王开,陈凯畅","https://data.eastmoney.com/report/zw_strategy.jshtml?encodeUrl=pvTYqdH%2BLMicWbVTBURjsF2nMJJwaBZ3FR4e1ZDbnmQ%3D"
"2","2025-12-11","国信证券","AI赋能资产配置（三十一）：对冲基金怎么用AI做投资","王开,陈凯畅","https://data.eastmoney.com/report/zw_strategy.jshtml?encodeUrl=pvTYqdH%2BLMicWbVTBURjsLBrTFsNEZbSTNo40YuhBT4%3D"
"2","2025-12-04","中银证券","资产配置模型系列：基于周期理论的改进BL资产配置模型与应用展望","王君,郭晓希","https://data.eastmoney.com/report/zw_strategy.jshtml?encodeUrl=HQy6sHzWp2NYQ9zexcYXVSq5qRRLHgz0GOniPbl9AzQ%3D"
"2","2025-12-03","国信证券","AI赋能资产配置（二十八）：AI、分析师与交易员：殊途同归与优势互补","王开,陈凯畅","https://data.eastmoney.com/report/zw_strategy.jshtml?encodeUrl=oEtsPwp%2BDnHVNDKpZgu8cVkvwC%2B%2BkGQMgCL9az1Zrac%3D"
"2","2025-11-27","国信证券","AI赋能资产配置（二十六）：AI“添翼”：大模型增强投资组合回报","王开,陈凯畅","https://data.eastmoney.com/report/zw_strategy.jshtml?encodeUrl=SMUdRuvWX%2F2ajkO649Im%2FRcvFlrl8Az11yu4%2F5%2B%2FvkE%3D"
"2","2025-11-27","国信证券","AI赋能资产配置（二十七）：AI投研利器：TradingAgents测试","王开,陈凯畅","https://data.eastmoney.com/report/zw_strategy.jshtml?encodeUrl=SMUdRuvWX%2F2ajkO649Im%2FQ02L3sxt7cagp4deC%2BuMe8%3D"
"2","2025-11-24","第一上海证券","AI大模型周报","李京霖,李倩,陈晓霞","https://data.eastmoney.com/report/zw_strategy.jshtml?encodeUrl=00ylwMhJiAk1Ftiu8lE6dS32Lr08M4bf3%2FZIqQRdr3E%3D"
"2","2025-11-18","国信证券","AI赋能资产配置（二十五）：AI投资实战第三赛季：事件型交易预测指南","王开","https://data.eastmoney.com/report/zw_strategy.jshtml?encodeUrl=bqgVzjdXCHYJiyJpYBnAuBgL7D4A5hJN%2BAygAR6cIJo%3D"
"2","2025-11-16","华金证券","年底行业轮动如何演绎？","邓利军,张欣诺","https://data.eastmoney.com/report/zw_strategy.jshtml?encodeUrl=TS%2FeFo2Fq%2FKnc%2BrjQ9i%2B3WOhV908CXy8YU1IrHrt%2FWw%3D"
"2","2025-11-13","国信证券","AI赋能资产配置（二十四）：AI投资第二赛季：A股和美股观战指南","王开","https://data.eastmoney.com/report/zw_strategy.jshtml?encodeUrl=SX59qqLxo3UDUHvjFXxuCo0AZ6mvYFtD6uy3Glzc29A%3D"
"2","2025-11-11","国信证券","AI赋能资产配置（二十三）：智能投研Agent应用实践","王开","https://data.eastmoney.com/report/zw_strategy.jshtml?encodeUrl=J3TeoI0nJyrktVM2xZFkn2OXefPXb%2B2L9Fryyt3paeU%3D"
"2","2025-11-10","国金证券","行业轮动双周度跟踪：边际增持TMT","高鹤文,冯思诗","https://data.eastmoney.com/report/zw_strategy.jshtml?encodeUrl=DSlDEcPhQg9YUtRjTVcp%2FYSYOlYz7Jj2dAMnsAL7Jl0%3D"
"2","2025-11-05","国信证券","AI赋能资产配置（二十一）：从Transformer到Agent，量化投资实战有何变化？","王开,陈凯畅","https://data.eastmoney.com/report/zw_strategy.jshtml?encodeUrl=NPlkCtUt9kHEUdloAfWPbCZ3dEjSZcQSXxyCVXIeFjw%3D"
"2","2025-11-03","国信证券","AI赋能资产配置（二十）：大模型投资实战：观战指南","王开","https://data.eastmoney.com/report/zw_strategy.jshtml?encodeUrl=2R2GwUSzqkpYR1CTmpKwIkGM2mkHGAEiHYCoRYK8TjY%3D"
"2","2025-11-02","开源证券","投资策略专题：2025年三季报速览：量价改善，行业轮动力量积蓄","韦冀星,曹晋","https://data.eastmoney.com/report/zw_strategy.jshtml?encodeUrl=2R2GwUSzqkpYR1CTmpKwIhNS8kJCu26rd3kyX1TtGYQ%3D"
"2","2025-10-30","国信证券","AI赋能资产配置（十八）：LLM助力资产配置与投资融合","王开","https://data.eastmoney.com/report/zw_strategy.jshtml?encodeUrl=3XOE9tuQCeYEKPg1b8QemHXyVUfcgfMVueb%2FDo103Go%3D"
"2","2025-10-29","国信证券","AI赋能资产配置（十九）：机构AI+投资的实战创新之路","王开","https://data.eastmoney.com/report/zw_strategy.jshtml?encodeUrl=ZfRS9u1%2ByR6qdUL1kKqzWiMR3dO8imjH17E4nAbZHzw%3D"
"2","2025-10-28","国信证券","热点快评：智绘新篇：AI大模型重塑金融业态","王开","https://data.eastmoney.com/report/zw_strategy.jshtml?encodeUrl=Klp1pHCuhBSVNsxGtiNHxNGUN%2Bi01fxKwyv9cYzL7DM%3D"
"2","2025-09-25","国信证券","AI赋能资产配置（十七）：AI盯盘：“9·24”行情案例","王开,陈凯畅","https://data.eastmoney.com/report/zw_strategy.jshtml?encodeUrl=G0YE5X%2FhWaSMkflGiPYBhFcNLjontjG9%2BWQ88dWeSZM%3D"
"2","2025-09-21","华安证券","行业轮动后的市场结构将如何变化？","郑小霞,刘超,张运智,陈博","https://data.eastmoney.com/report/zw_strategy.jshtml?encodeUrl=jnmz2TdRAIsz%2Bg%2F1WjIfzqhaaufDC5i9qkj7aggzlHg%3D"
"2","2025-08-24","国信证券","AI赋能资产配置追踪（2025.8）：下半年增配股市、成长风格占优","王开,陈凯畅","https://data.eastmoney.com/report/zw_strategy.jshtml?encodeUrl=ZUVVSaPHAmnnPYirua4TMlvUgtsr7cejKw9Pt4XZIAg%3D"
"2","2025-08-01","金圆统一证券","策略月报：DeepSeek时刻，持续进行中（2025年8月）","崔威","https://data.eastmoney.com/report/zw_strategy.jshtml?encodeUrl=LL5s7nKJR4zExFgtJe%2B5%2FuhXHuPdS%2BBMxTcJHxJNFYg%3D"
"2","2025-07-22","国信证券","策略解读：中国基建的DeepSeek时刻","王开,陈凯畅","https://data.eastmoney.com/report/zw_strategy.jshtml?encodeUrl=T5SG4XxD5V5I2qKDy8xiyimggDQSYi%2BN4s5nR32%2BX3w%3D"
"2","2025-07-11","东海证券","技术分析行业指数简评：创业板月线技术条件相近于2019年12月突破前状态","王洋","https://data.eastmoney.com/report/zw_strategy.jshtml?encodeUrl=B0MXS%2FYNk7jXnKBwJtgWPMBiLP94vuz27wA982yvojc%3D"
"2","2025-07-06","国信证券","AI赋能资产配置追踪（2025.7）：AI提示货币信用体系占优","王开,陈凯畅,董德志","https://data.eastmoney.com/report/zw_strategy.jshtml?encodeUrl=ZR82pRVUtIYjG8BS63qc43lQt1Qw0seVgiuzS2%2BMSRA%3D"
"2","2025-07-02","第一上海证券","2025年下半年策略报告：2025港股上半年回顾：Deepseek引领中国资产重估，港股表现全球领先","罗凡环","https://data.eastmoney.com/report/zw_strategy.jshtml?encodeUrl=QKZA6Mk14ejZJmos%2FgDwTrdQbVKd5%2BQ5WoqKMhkTAAA%3D"
"2","2025-07-01","东海证券","技术分析行业指数简评：证券板块在短线整理充分后，或仍有震荡盘升动能","王洋","https://data.eastmoney.com/report/zw_strategy.jshtml?encodeUrl=ziZdnDuBQv6%2BRYm0xyMCzml9b4UuwKPGc8kG9Em76xw%3D"
"2","2025-06-30","金圆统一证券","策略季报：迎接中国资产的“DeepSeek时刻”（2025年3季度策略报告）","崔威","https://data.eastmoney.com/report/zw_strategy.jshtml?encodeUrl=x%2Bjp3GyPmxVK4xc0gB5JbFxBnitbmQ%2B2%2B6E7Lj28CZM%3D"
"2","2025-06-29","极客邦控股(北京)","中国大模型落地应用研究报告2025","","https://data.eastmoney.com/report/zw_strategy.jshtml?encodeUrl=q3OvY8QIPSt%2Fo3K%2Bs7W0mhJ2Blpi7M45gFkRPHE7Qgg%3D"
"2","2025-06-24","东海证券","技术分析行业指数简评：能源金属板块短线技术条件渐次向好，目前仍处相对低位","王洋","https://data.eastmoney.com/report/zw_strategy.jshtml?encodeUrl=jut0aI8nrdnNUFt4tYZTyAl7gZEmEyCwrAVNcv22New%3D"
"2","2025-06-11","民生证券","深度学习因子月报：Meta_Master因子5月实现超额收益3.9%","叶尔乐,韵天雨","https://data.eastmoney.com/report/zw_strategy.jshtml?encodeUrl=hHy8j6m5%2FMe6r52YBONYg8B1sH6rbMwV%2FMu2MYybWtg%3D"
"2","2025-06-09","中邮证券","行业轮动周报：资金博弈停牌个股大幅流入信创ETF，概念轮动速度较快","肖承志,李子凯","https://data.eastmoney.com/report/zw_strategy.jshtml?encodeUrl=ezbXk6xnu%2Fvida2lPUEpFazsYnll2nUcWGI%2FbbiGB2s%3D"
"2","2025-06-05","东海证券","技术分析上证指数简评：若有效上破3418点压力位，指数或有进一步盘升动能","王洋","https://data.eastmoney.com/report/zw_strategy.jshtml?encodeUrl=5uKQ4%2FUvUDOeNxHGdDEcAqZo%2Bxhgdu6yikHq%2B%2BiYGZ0%3D"
"2","2025-05-26","国信证券","AI赋能资产配置（十六）：大模型辅助全球股市复盘和寻锚","王开","https://data.eastmoney.com/report/zw_strategy.jshtml?encodeUrl=HDAhjhg6MYzq%2Bf7ibdAcIJSC8h0x9Wv%2F%2Bq1y57%2BI60E%3D"
"2","2025-05-20","东海证券","技术分析行业板块简评：保险板块或已走出下降趋势，上涨空间大回落空间小","王洋","https://data.eastmoney.com/report/zw_strategy.jshtml?encodeUrl=iLQ9iM%2BeFGK7g%2Bp9BISzoTHbi8%2FWA%2FfZXAZkvzp8ZK4%3D"
"2","2025-05-18","国信证券","AI赋能资产配置（十五）：DeepSeek读沪深300 ESG报告（下篇）","陈凯畅,王开","https://data.eastmoney.com/report/zw_strategy.jshtml?encodeUrl=1wXxe%2F9RI1vExdF1u0po9nmFBMkxN09EhyGZpkqe8qc%3D"
"2","2025-05-16","东海证券","技术分析行业板块简评：证券板块技术条件有所向好，上涨空间大回落空间小","王洋","https://data.eastmoney.com/report/zw_strategy.jshtml?encodeUrl=%2FHTwZZc4%2B%2FKuV9XZfjFTuCupJR6hD7kx2siy%2BXkVJw4%3D"
"2","2025-05-15","国信证券","AI赋能资产配置（十三）：DeepSeek读沪深300 ESG报告（上篇）","王开,陈凯畅","https://data.eastmoney.com/report/zw_strategy.jshtml?encodeUrl=QoIVZHL08xbvnh%2BPx2kUttMCPlCd9jnuZFcp6wYEPQc%3D"
"2","2025-05-15","国信证券","AI赋能资产配置（十四）：借力大模型应对特朗普言论风险信号","王开","https://data.eastmoney.com/report/zw_strategy.jshtml?encodeUrl=QoIVZHL08xbvnh%2BPx2kUtphRIm%2FmTIo7AJdG3wkxm7Y%3D"
"2","2025-05-13","国信证券","策略周思考：挖掘“Deepseek时刻”扩散行业","王开,陈凯畅","https://data.eastmoney.com/report/zw_strategy.jshtml?encodeUrl=aLzhFCI1EJO9AnwiZUuZS%2BQXvtMoZ89GXZi3Ayw0IVE%3D"
"2","2025-05-12","国信证券","估值周观察（5月第2期）：军工DeepSeek时刻，估值快速扩张","王开,陈凯畅","https://data.eastmoney.com/report/zw_strategy.jshtml?encodeUrl=i27QAj%2BXaAmCe1%2FE4tMYo%2B86U8YNHHjaa2MxBBai%2FSE%3D"
"2","2025-05-09","东海证券","技术分析上证指数简评：上证指数短线技术条件明显修复，回落空间小上涨空间大","王洋","https://data.eastmoney.com/report/zw_strategy.jshtml?encodeUrl=eauVOZRgbN8LwwTqrtaVjXVMPjMNaGgnatFQVK6ulws%3D"
"2","2025-05-06","国信证券","AI赋能资产配置（十二）：DeepSeek资产配置进阶实践的20个核心问答","陈凯畅,王开,董德志","https://data.eastmoney.com/report/zw_strategy.jshtml?encodeUrl=ovKCkSLIbawSzmnHa4mnCbcG1Adx7PhmtvwfkKRZvUw%3D"
"2","2025-04-20","国信证券","AI赋能资产配置追踪（2025.4）：模型提示股市倾向亚太，A股关注农业军工","王开,陈凯畅,董德志","https://data.eastmoney.com/report/zw_strategy.jshtml?encodeUrl=Q1U3qcnwzEsxcCiUjgsP628tRYtXf6GLWT9t6pRlkgw%3D"
"2","2025-04-20","华安证券","策略研究周度报告：消费行业轮动，行至何阶段？","郑小霞,刘超,张运智,任思雨","https://data.eastmoney.com/report/zw_strategy.jshtml?encodeUrl=Q1U3qcnwzEsxcCiUjgsP60BEuuRQVDSOk2ggKJejHgM%3D"
"2","2025-04-18","国信证券","基于财报文本的情感语调的分析：DeepSeek辅助识别财务瑕疵","陈凯畅,王开","https://data.eastmoney.com/report/zw_strategy.jshtml?encodeUrl=hAsjZWTidEgaVvH055s1U7ltiBtHmQVXHtarvWNyF3E%3D"
"2","2025-04-16","深圳来觅数据信息科技","Rime创投日报|大模型“国家队”智谱正式启动IPO流程","来觅研究院","https://data.eastmoney.com/report/zw_strategy.jshtml?encodeUrl=lzv1Tx%2BMSPabO3zjhZ7ZX3kjt1MNgVkUSvXSPacHCho%3D"
"2","2025-04-14","国信证券","AI赋能资产配置追踪（2025.4）：DeepSeek提示当前适用货币信用体系，股债轮动效应加剧","王开,董德志","https://data.eastmoney.com/report/zw_strategy.jshtml?encodeUrl=n5bXox9rN2e7v1oRd%2FW9J9mCjm%2BnUXCqvN%2B2Y2V3yuw%3D"
"2","2025-04-10","民生证券","深度学习因子月报：DL_EM_Dynamic因子三月实现超额收益6.6%","叶尔乐,韵天雨","https://data.eastmoney.com/report/zw_strategy.jshtml?encodeUrl=Jk%2FIrPYH11KYA7lllYkvKjqtJDBumwPlveOgrP679Q0%3D"
"2","2025-04-06","华源证券","北交所科技成长产业跟踪第二十期：AI Agent或将成为未来人机协同的主要模式，关注北交所布局AI应用企业","赵昊,万枭","https://data.eastmoney.com/report/zw_strategy.jshtml?encodeUrl=g0dZvvWgXQ8mW9EVqG8%2FGBhZtxD8IsuivWXjjakFwtw%3D"
"2","2025-04-06","国信证券","AI赋能资产配置（十一）：从算力平权到投研平权","王开","https://data.eastmoney.com/report/zw_strategy.jshtml?encodeUrl=g0dZvvWgXQ8mW9EVqG8%2FGL%2BvD2Cy8J%2Fjedt0P8mH%2FVo%3D"
"2","2025-04-01","国信证券","AI赋能资产配置（十）：善用DeepSeek重现经典投资策略","王开","https://data.eastmoney.com/report/zw_strategy.jshtml?encodeUrl=oVsFMRnefdemR2yNjNTu%2FQz%2B%2F4ceuE%2B3hbP7ibPEEVg%3D"
"2","2025-03-20","国信证券","AI赋能资产配置（九）：DeepSeek打造ESG有效前沿","王开","https://data.eastmoney.com/report/zw_strategy.jshtml?encodeUrl=HT1y3FkeSv4mIIjRV8sHWWJ7n9csS9N7txxZDHWIwKA%3D"
"2","2025-03-19","国信证券","AI赋能资产配置（八）：DeepSeek在资产配置中的实战解答","王开,董德志","https://data.eastmoney.com/report/zw_strategy.jshtml?encodeUrl=YOdqHC5L%2BDEfQtlpeouPBRyWsXdKUFBQdAeiplr6aeQ%3D"
"2","2025-03-17","国信证券","AI赋能资产配置（七）：乘风DeepSeek理解货币政策取向","王开,田地","https://data.eastmoney.com/report/zw_strategy.jshtml?encodeUrl=2FV6YWxVvwSERBeA1NZg4RokmSWz49hCSU3%2BpZSj00o%3D"
"2","2025-03-12","国信证券","AI赋能资产配置（六）：海内外资管机构AI大模型应用探索","王开,陈凯畅","https://data.eastmoney.com/report/zw_strategy.jshtml?encodeUrl=CiqmV%2BKFLWlKifP3zbrgPr%2BqCuLq38XlXjPeM78BviE%3D"
"2","2025-03-10","厦门大学","DeepSeek大模型及其企业应用实践：每个人都可以读懂的大模型科普报告（企业篇）","林子雨","https://data.eastmoney.com/report/zw_strategy.jshtml?encodeUrl=imWIy56ybh18elqeT8TGidTJBSdpNAc4y7P3C64pv40%3D"
"2","2025-03-10","天津大学自然语言处理实验室","深度解读DeepSeek：部署、使用、安全","石玲,吴俊茹,金任任,杨磊,熊德意","https://data.eastmoney.com/report/zw_strategy.jshtml?encodeUrl=imWIy56ybh18elqeT8TGiWJEJz8d9PLyaOME3j%2FKZ1I%3D"
"2","2025-03-06","爱分析","2024爱分析·央国企数字化应用实践报告：DeepSeek引领技术潮流，央国企应重新规划大模型算力投入和应用节奏","张扬,李进宝","https://data.eastmoney.com/report/zw_strategy.jshtml?encodeUrl=pVPRS63IZgZ%2B97DnkTNdp4DZn9Vf4ZocYyo6xvv9HrA%3D"
"2","2025-03-06","中科智道(北京)科技","Deepseek对中国算力产业的影响","","https://data.eastmoney.com/report/zw_strategy.jshtml?encodeUrl=pVPRS63IZgZ%2B97DnkTNdp%2FjEqlAJBDol3iH8Xq4oSm4%3D"
"2","2025-03-05","湖南大学","我们该如何看待DeepSeek：what，how，why，and next？","陈果","https://data.eastmoney.com/report/zw_strategy.jshtml?encodeUrl=cJM02qr60%2BnNP6JKWgqwzH7Jgw9gg8IGl7HF6Wquzfg%3D"
"2","2025-03-05","华安证券","重要会议点评：政策靠前发力，把握行业轮动机会","郑小霞,张运智","https://data.eastmoney.com/report/zw_strategy.jshtml?encodeUrl=cJM02qr60%2BnNP6JKWgqwzLNiDW%2FmYfKcuCbYxoVWthM%3D"
"2","2025-03-03","国信证券","AI赋能资产配置（三）：DeepSeek与风险“再平价”","王开,董德志","https://data.eastmoney.com/report/zw_strategy.jshtml?encodeUrl=RVfHWybq3DZRHQJOx9m%2FmtoV39lc2acZZRD1EILaB3U%3D"
"2","2025-03-02","国信证券","AI赋能资产配置（二）：AI重塑ESG投资范式","王开","https://data.eastmoney.com/report/zw_strategy.jshtml?encodeUrl=Al9DjKWXoBRKP6pRg9OHzZ5aSomprY27duQDJbwycXA%3D"
"2","2025-03-02","国信证券","主题投资月度观察（2025年第2期）：DeepSeek裂变AI链，恒科交投火热","王开,陈凯畅","https://data.eastmoney.com/report/zw_strategy.jshtml?encodeUrl=Al9DjKWXoBRKP6pRg9OHza0dKf%2BECcY4QbA5iJFvepU%3D"
"2","2025-02-21","建银国际证券","科技行业：DeepSeek爆火后，影响几何？","苏林","https://data.eastmoney.com/report/zw_strategy.jshtml?encodeUrl=JPUrw04F392ZQQvQU0vx%2FjuMXFmPWOHYOOW2uNjB33E%3D"
"2","2025-02-19","国信证券","AI赋能资产配置：DeepSeek对国信多元资配框架的优化","董德志,王开,邵兴宇","https://data.eastmoney.com/report/zw_strategy.jshtml?encodeUrl=rnJxPS60tvPVhLK69agT41oRDm2WrR7iUzriD0TFyGI%3D"
"2","2025-02-17","中航证券","科特估系列专题（三）：DeepSeek引发中国科技股重估进行到哪个阶段了？","董忠云,符旸,王玉茜,庞晨,王警仪","https://data.eastmoney.com/report/zw_strategy.jshtml?encodeUrl=0jMN%2BRpdn3wnTvs3KYW7o9KWdYoItOlZbxn5V10Nshc%3D"
"2","2025-02-14","肯特州立大学","DeepSeek模型综述","Fnu Neha,Deepshikha Bhati","https://data.eastmoney.com/report/zw_strategy.jshtml?encodeUrl=XvbUr46wqIDbRGYKlQgKGeQLLb5vrCIwbNAjJmc%2BOKc%3D"
"2","2025-02-13","东海证券","技术分析上证指数简评：上证指数或有进一步震荡盘升动能","王洋","https://data.eastmoney.com/report/zw_strategy.jshtml?encodeUrl=crek%2BLLUpI4jDUHXZJGrjl5C17mIhbE4bu6nwa4exjE%3D"
"2","2025-02-12","中国科学杂志社有限责任公司","大模型驱动的具身智能：发展与挑战","白辰甲,许华哲,李学龙","https://data.eastmoney.com/report/zw_strategy.jshtml?encodeUrl=SVUNWG3pXsnFwC4QJDNclSqhk8Ja9Q5K71GNbyQNThg%3D"
"2","2025-02-12","全球数据资产理事会","数据资产全过程管理：解锁DeepSeek智能引擎","林建兴","https://data.eastmoney.com/report/zw_strategy.jshtml?encodeUrl=SVUNWG3pXsnFwC4QJDNclQIBoFYvq52JqGacZfKaAdM%3D"
"2","2025-02-10","中航证券","DeepSeek引发全球资本对中国科技股重估，春节行情有望迎来主升浪","董忠云,符旸,王玉茜,庞晨,王警仪","https://data.eastmoney.com/report/zw_strategy.jshtml?encodeUrl=hPX81JV2fupOINr4Xz%2FCW9cwxpsBpnjDDrGI4T2UBgE%3D"
"2","2025-02-09","开源证券","北交所策略专题报告：Deepseek横空出世，关注并行科技等AI相关优质标的","诸海滨","https://data.eastmoney.com/report/zw_strategy.jshtml?encodeUrl=kra0pUcENtfkeTVyUe%2FZFMufSf2WoH%2BsgqyCqNKXsqk%3D"
"2","2025-02-09","开源证券","中小盘周报：DeepSeek横空出世，AI产业发展至新阶段","任浪,赵旭杨,徐剑峰","https://data.eastmoney.com/report/zw_strategy.jshtml?encodeUrl=kra0pUcENtfkeTVyUe%2FZFNwy%2FSfxNHUOsl7YmKk6SC8%3D"
"2","2025-02-07","源达信息","宏观策略周报：DeepSeek带动中国科技股重估，美国加征关税落地","刘丽影","https://data.eastmoney.com/report/zw_strategy.jshtml?encodeUrl=7xaSOO9WiHTAzMIDNJ%2BE62Veey1ZGUdkA%2BqcZ1U8X04%3D"
"2","2025-02-05","东吴证券","全球市场观察系列：DeepSeek引发全球涨跌互现？","陈梦,葛晓媛","https://data.eastmoney.com/report/zw_strategy.jshtml?encodeUrl=2hz58u%2F93ppEOon7%2B2IKDMbjcwy2ZSNUyAYAuX%2F6UMU%3D"
"2","2025-02-05","浦银国际证券","浦银国际策略观点：DeepSeek如何影响美股AI主题投资逻辑？","赖烨烨","https://data.eastmoney.com/report/zw_strategy.jshtml?encodeUrl=2hz58u%2F93ppEOon7%2B2IKDPkunqKH1Va9UAEwsc49M6k%3D"
"2","2025-02-05","浦银国际证券","策略观点：当DeepSeek遇上关税，中国市场将如何演绎？","赖烨烨","https://data.eastmoney.com/report/zw_strategy.jshtml?encodeUrl=0HeygMwaAigL8hwfyZADc7xR%2F%2BkF7y%2F2zBIQ3c19m58%3D"
"2","2025-02-04","东吴证券","全球大类资产观察：DeepSeek的扰动与关税再敲门","陈梦,葛晓媛,武朔","https://data.eastmoney.com/report/zw_strategy.jshtml?encodeUrl=oZW%2BG2b0Fnjk2I5KfCmivvOAZa8E031Ua0HLoRKdW4A%3D"
"2","2025-01-09","国际数据","大模型应用落地白皮书：企业AI转型行动指南","","https://data.eastmoney.com/report/zw_strategy.jshtml?encodeUrl=svNNWHWaairDjgIVi%2FYcsm4BGTZoOcuUlA4jZyCsUv8%3D"
"2","2025-01-08","Alphabet","2025年Agents与基础应用白皮书","Julia Wiesinger,Patrick Marlow,Vladimir Vuskovic","https://data.eastmoney.com/report/zw_strategy.jshtml?encodeUrl=9CcWH9d1onU42MIst3CshjmqxCvqRkvCZAi06mUQnRE%3D"
"2","2025-01-07","开源证券","北交所行业主题报告：AI大模型引领发展，北交所算力优势企业成长空间广阔","诸海滨","https://data.eastmoney.com/report/zw_strategy.jshtml?encodeUrl=zobJ2JBCvJjjxBHEORThNnZwEvaZtddeCTmZ0CO6atY%3D"
"2","2024-12-29","国信证券","主题投资月度观察：大模型、低空经济再迎新进展","王开,陈凯畅","https://data.eastmoney.com/report/zw_strategy.jshtml?encodeUrl=%2BvCe9jBcnUTHDU%2B%2FokHUW%2FMDtTAgbuTCkCyC8b8LLY8%3D"
"2","2024-12-22","国信证券","估值周观察（12月第3期）：大模型持续催化，芯片快速拔估值","王开,陈凯畅","https://data.eastmoney.com/report/zw_strategy.jshtml?encodeUrl=t7ow2XvvZKSZEd7QmGCV3EqyH02PmpDki5umKt2WVRs%3D"
"2","2024-12-05","西南证券","海外科技2025年投资策略：AI投资手册·ChatGPT发布两周年纪念版-AI Infra奏响主旋律，AI Agent拉开新画布","王湘杰","https://data.eastmoney.com/report/zw_strategy.jshtml?encodeUrl=V8wvn6awcY16UR5dGX5gY5Qs3swTGOMpb5HXNFk0SjA%3D"
"2","2024-11-24","中银证券","中银量化多策略行业轮动周报","郭策,陈亮","https://data.eastmoney.com/report/zw_strategy.jshtml?encodeUrl=hJJHsAg0fMQ0ncVMrvdaiMRgvgs1ZXBTelg6sdNqi0o%3D"
"2","2024-11-14","亿欧智库","2024中国大模型发展要素洞察报告：语料、算力、电力研究","刘旻昊","https://data.eastmoney.com/report/zw_strategy.jshtml?encodeUrl=bhCAui3rj%2FS9U%2BgchwTfh%2BzQhJL0j1MhBRAEUlNQ8u8%3D"
"2","2024-11-10","中银证券","中银量化多策略行业轮动周报","郭策,陈亮","https://data.eastmoney.com/report/zw_strategy.jshtml?encodeUrl=IrS7fs5%2B5l4u8P6Jbeo6TASD5YDLtlGLIVpbzBrxLdk%3D"
"2","2024-11-03","中银证券","中银量化多策略行业轮动周报","郭策,陈亮","https://data.eastmoney.com/report/zw_strategy.jshtml?encodeUrl=eO0LDdDmu3JAeEEkz6m4cdIqV3sdNCHAF9FMCvx7XDY%3D"
"2","2024-10-30","东海证券","技术分析上证指数简评：上证指数短线或有震荡整理需求","王洋","https://data.eastmoney.com/report/zw_strategy.jshtml?encodeUrl=xe22l2F44zPHfPVXF9TQ048OvuhpC%2FMHsBQakdzlf4I%3D"
"2","2024-10-27","中银证券","中银量化多策略行业轮动周报","郭策,陈亮","https://data.eastmoney.com/report/zw_strategy.jshtml?encodeUrl=qOgMjjTwPbYnSJ8Of%2FDqC%2FrLw2WSRQ%2B4NeJWOIpJuJU%3D"
"2","2024-10-13","中银证券","中银量化多策略行业轮动周报","郭策,陈亮","https://data.eastmoney.com/report/zw_strategy.jshtml?encodeUrl=p9sLAT01v17d99p2NO23e5mgxdEvXgUAy7rO%2BBNJYFg%3D"
"2","2024-09-23","开源证券","北交所科技新产业跟踪第三十六期：OpenAI发布了两款o1大语言模型，北交所AI大模型产业链再梳理","诸海滨,赵昊,万枭","https://data.eastmoney.com/report/zw_strategy.jshtml?encodeUrl=hx%2BvIgDu%2Fdc3PvwNgOKvVPJaVhwVR18EmcDPnU69bO4%3D"
"2","2024-09-20","东海证券","技术分析上证指数简评：上证指数短线或有反弹需求","王洋","https://data.eastmoney.com/report/zw_strategy.jshtml?encodeUrl=8Y39051AAAu%2BeoDfZH1luDSbofzTV5EHRtG0jVwhN%2FQ%3D"
"2","2024-08-23","腾讯控股","腾讯乐享+大模型企业智能知识管理跨越式升级","","https://data.eastmoney.com/report/zw_strategy.jshtml?encodeUrl=fUdhMvVNej2e8wNEXTzM4yArF27oejBrns6JKPxDhyM%3D"
"2","2024-08-04","中银证券","中银量化多策略行业轮动周报","郭策,陈亮","https://data.eastmoney.com/report/zw_strategy.jshtml?encodeUrl=pKvdrr8YCBYiacUQp0A3kUhm8agziHPr2DFxWN52aDM%3D"
"2","2024-06-30","中银证券","中银量化多策略行业轮动周报","郭策,陈亮","https://data.eastmoney.com/report/zw_strategy.jshtml?encodeUrl=c2EObIR1nd4YHSqD%2FGRpANdbGOpQU%2FbZZhEYi5cmyEo%3D"
"2","2024-06-03","国金证券","金融工程2024年中期投资策略：ChatGPT赋能，另类金融文本解析渐入佳境","高智威,赵妍,王小康,许坤圣,胡正阳","https://data.eastmoney.com/report/zw_strategy.jshtml?encodeUrl=9Ta0gyZQEPpNQ%2BmaZKbTX4PVqMVpXbsWaHzbF%2FwS3jo%3D"
"2","2024-05-26","开源证券","中小盘周报：小鹏端到端大模型上车，开启AI智驾新时代","任浪,赵旭杨","https://data.eastmoney.com/report/zw_strategy.jshtml?encodeUrl=DjUzKD%2Fh6b9fLy7YQOb769jQvKlYhumTgoMjYX1LkdA%3D"
"2","2024-05-21","国金证券","A股投资策略周报：“双周期”框架体系下，如何有效“捕捉”风格与行业轮动？","张弛,吴慧敏","https://data.eastmoney.com/report/zw_strategy.jshtml?encodeUrl=mmikrbOAeDSjXjgh%2F8V8Okp3lHvASLbERpFR9zU0ZTs%3D"
"2","2024-04-30","华安证券","大类资产配置月报第34期：2024年5月：全球经济韧性下，围绕通胀因子配置","郑小霞,张运智","https://data.eastmoney.com/report/zw_strategy.jshtml?encodeUrl=ildMGlbOM5dp0kcLmwWhf6dWfupB%2Fye6FHUsjNgQn6Q%3D"
"2","2024-04-12","中银证券","中银量化多策略行业轮动周报","郭策,陈亮","https://data.eastmoney.com/report/zw_strategy.jshtml?encodeUrl=c3sF%2Fh3cjjxfqr1IK9n6uqP8pqZKKH4lPzIrziiZICI%3D"
"2","2024-04-12","中银证券","行业配置月报24年4月：供给侧行业轮动框架","王君,徐亚,高天然","https://data.eastmoney.com/report/zw_strategy.jshtml?encodeUrl=c3sF%2Fh3cjjxfqr1IK9n6ughWOjYEr0KGHpqtrWliWcw%3D"
"2","2024-04-07","中银证券","策略周报：海外走弱，财报季关注盈利因子配置方向","王君,徐沛东,郭晓希,徐亚,高天然","https://data.eastmoney.com/report/zw_strategy.jshtml?encodeUrl=lFam15nsHS6ndrYo6KlYVWqIBRC4w9PAY2Kbwhrs070%3D"
"2","2024-03-31","华金证券","春季行情行业轮动的特征","邓利军","https://data.eastmoney.com/report/zw_strategy.jshtml?encodeUrl=mp8wqSHlqlD%2FJZW6erahy3iM1JDiMfHxERMH8xDtkio%3D"
"2","2024-03-25","东吴证券","策略周评：汇率波动的影响和行业轮动的脉络","陈刚,陈李","https://data.eastmoney.com/report/zw_strategy.jshtml?encodeUrl=EirzsGvdKMqyFdEi13p3RUmzNMiUM0CkOW3F6EJtwKY%3D"
"2","2024-03-22","中银证券","中银量化多策略行业轮动周报","郭策,陈亮","https://data.eastmoney.com/report/zw_strategy.jshtml?encodeUrl=To0MC9u9V5dlMrEyGGd%2B%2BloWil6TjG%2B0Yga2rxvbHGU%3D"
"2","2024-03-13","中邮证券","策略观点：延续快速行业轮动，顺周期交易尚早","黄子崟,郭惊华,段利强","https://data.eastmoney.com/report/zw_strategy.jshtml?encodeUrl=%2Fphi5PHod0%2FKPfnKW9AKEFbwQj00KmMy9XSL%2F40pKIM%3D"
"2","2024-02-04","中国信通院","数字时代治理现代化研究报告：大模型在政务领域应用的实践及前景（2023年）","政策与经济研究所,产业与规划研究所","https://data.eastmoney.com/report/zw_strategy.jshtml?encodeUrl=6JZKzXLOVeWrtJspbd703q4zm5qC3my1BT081ZRhofs%3D"
"2","2024-01-23","东海证券","技术分析上证指数系列：上证指数或酝酿反弹动能","王洋","https://data.eastmoney.com/report/zw_strategy.jshtml?encodeUrl=3yj4n4bfL1RxlrCpNmVbTlXcriDy%2FPxAZUth2h8QMjo%3D"
