date,org,title,researcher,link,source
2026-07-01,华鑫证券,计算机行业点评报告：赛富时：Q1收入与EPS保持增长，Agentforce/Data 360 ARR高增且全年收入指引上修,"任春阳,谢孟津",https://data.eastmoney.com/report/zw_industry.jshtml?infocode=AP202607011826619267,recent_ai_quant_report_index
2026-06-30,国金证券,AI周观察：美光长期合同锁定未来产能，GPT5.6系列发布,"刘道明,黄晓军",https://data.eastmoney.com/report/zw_industry.jshtml?infocode=AP202606281826515039,recent_ai_quant_report_index
2026-06-30,华鑫证券,计算机行业点评报告：GitLab（GTLB）：Q1营收增长23%，Duo AgentPlatform推进AI功能用量变现,"任春阳,谢孟津",https://data.eastmoney.com/report/zw_industry.jshtml?infocode=AP202606301826605686,recent_ai_quant_report_index
2026-06-30,国信证券,传媒互联网周报：OpenAI发布GPT-5.6 Sol预览版，豆包推出付费专业版,"张衡,熊莉,陈瑶蓉",https://data.eastmoney.com/report/zw_industry.jshtml?infocode=AP202606301826594301,recent_ai_quant_report_index
2026-06-29,华鑫证券,计算机行业点评报告：高通（QCOM.O）：发布数据中心路线图，全面布局Agentic AI时代,"谢孟津,陈明璋",https://data.eastmoney.com/report/zw_industry.jshtml?infocode=AP202606291826524183,recent_ai_quant_report_index
2026-06-29,国金证券,互联网行业研究：字节发布Seed 2.1和Seedance 2.5，OpenAI推出GPT-5.6,"朱珺,柴梦婷",https://data.eastmoney.com/report/zw_industry.jshtml?infocode=AP202606281826514693,recent_ai_quant_report_index
2026-06-29,头豹研究院,2026年音乐大模型行业研究：从“基础生成”到“成品级输出”，AI音乐开启商业化新浪潮,"袁栩聪,付淑芳",https://data.eastmoney.com/report/zw_industry.jshtml?infocode=AP202606291826548335,recent_ai_quant_report_index
2026-06-29,开源证券,传媒行业点评报告：大模型Token量持续高增，物理AI星辰大海，聚焦AI,方光照,https://data.eastmoney.com/report/zw_industry.jshtml?infocode=AP202606291826527220,recent_ai_quant_report_index
2026-06-28,华鑫证券,计算机行业点评报告：OpenAI发布GPT-5.6，大模型仍处高速迭代期,"谢孟津,陈明璋",https://data.eastmoney.com/report/zw_industry.jshtml?infocode=AP202606281826512829,recent_ai_quant_report_index
2026-06-28,华鑫证券,计算机行业点评报告：英特尔强调CPU需求激增，Agentic AI带来CPU行业重大战略机遇,"谢孟津,陈明璋",https://data.eastmoney.com/report/zw_industry.jshtml?infocode=AP202606281826515047,recent_ai_quant_report_index
2026-06-25,中邮证券,计算机行业：火山引擎Force大会召开，豆包Agent与多模态能力全面升级,"李佩京,王思",https://data.eastmoney.com/report/zw_industry.jshtml?infocode=AP202606251823849032,recent_ai_quant_report_index
2026-06-24,国金证券,互联网行业研究：字节全面进军Coding和Agent，多模态seedance2.5提质增效,"朱珺,柴梦婷",https://data.eastmoney.com/report/zw_industry.jshtml?infocode=AP202606241823793070,recent_ai_quant_report_index
2026-06-24,云安全联盟,Enterprise AI Security Starts With AI Agents,希拉里·巴伦,https://data.eastmoney.com/report/zw_industry.jshtml?infocode=AP202606241823809983,recent_ai_quant_report_index
2026-06-24,国信证券,传媒互联网行业周报：大模型快速迭代，Agent平台与工具链持续繁荣,"张衡,熊莉,陈瑶蓉",https://data.eastmoney.com/report/zw_industry.jshtml?infocode=AP202606241823817820,recent_ai_quant_report_index
2026-06-23,头豹研究院,2026年中国企业级AI行业：从流程嵌入到AgenticAI协同，迈向企业级AGI的演进路径,"袁栩聪,徐小雅",https://data.eastmoney.com/report/zw_industry.jshtml?infocode=AP202606231823777918,recent_ai_quant_report_index
2026-06-22,开源证券,传媒行业周报：继续布局大模型、物理AI、核心AI应用、算力租赁,方光照,https://data.eastmoney.com/report/zw_industry.jshtml?infocode=AP202606221823715544,recent_ai_quant_report_index
2026-06-22,华源证券,传媒互联网行业周报：重视微信AI Agent灰测进度，关注字节FORCE原动力大会,"陈良栋,陈逸凡,周政宇,许孟婕",https://data.eastmoney.com/report/zw_industry.jshtml?infocode=AP202606221823716341,recent_ai_quant_report_index
2026-06-19,深圳来觅数据信息科技,【RimeData周报】AI资本战事升温，DeepSeek 500亿融资背后的估值逻辑与生态博弈2026年第24周,,https://data.eastmoney.com/report/zw_strategy.jshtml?encodeUrl=HL4tS9tLZZ9KFm9UIDn44dwSU1AWpSGUBBAs1IGhIo8%3D,recent_ai_quant_report_index
2026-06-16,国信证券,AI赋能资产配置（三十八）：Agent赋能开发行业轮动策略,陈凯畅,https://data.eastmoney.com/report/zw_strategy.jshtml?encodeUrl=DFBMkX5WIiTdr8VSVb2JH2qqiQKPZzqd5v8eEi4H85o%3D,recent_ai_quant_report_index
2026-06-16,金融街证券,行业轮动ETF策略周报,"张一,李杜",https://data.eastmoney.com/report/zw_strategy.jshtml?encodeUrl=DFBMkX5WIiTdr8VSVb2JH4VFF9X4DLl6uRNqKKv5Pxc%3D,recent_ai_quant_report_index
2026-06-16,艾瑞股份,2026年中国互联网及AI大模型内容风控行业发展研究报告,艾瑞咨询行专研究部,https://data.eastmoney.com/report/zw_industry.jshtml?infocode=AP202606161823590505,recent_ai_quant_report_index
2026-06-15,国信证券,传媒行业6月投资策略：AI资本化与Agent生态共振，关注AI应用叙事修复可能及游戏潮玩底部布局机会,"张衡,陈瑶蓉",https://data.eastmoney.com/report/zw_industry.jshtml?infocode=AP202606151823580157,recent_ai_quant_report_index
2026-06-10,金融街证券,行业轮动ETF策略周报,"张一,李杜",https://data.eastmoney.com/report/zw_strategy.jshtml?encodeUrl=%2FFnww1CLbs895%2B41ik%2BhEm2VRkYvtGVWrVLcyj2CO9A%3D,recent_ai_quant_report_index
2026-06-10,头豹研究院,2025年金融智能体行业：智能体AI Agent的创新和应用,"袁栩聪,徐小雅",https://data.eastmoney.com/report/zw_industry.jshtml?infocode=AP202606101823430415,recent_ai_quant_report_index
2026-06-10,金融街证券,主题ETF系列研究报告：策略主题ETF：A股市场因子配置的精细化工具,"张一,柯岩",https://data.eastmoney.com/report/zw_strategy.jshtml?encodeUrl=%2FFnww1CLbs895%2B41ik%2BhEjUfR%2FFMsSgnf8a0PnhK5vg%3D,recent_ai_quant_report_index
2026-06-10,国信证券,传媒互联网周报：Anthropic正式提交IPO申请，Agent工具链持续进化,"张衡,熊莉,陈瑶蓉",https://data.eastmoney.com/report/zw_industry.jshtml?infocode=AP202606101823423300,recent_ai_quant_report_index
2026-06-10,金元证券,计算机行业点评报告：Apple Intelligence升级系统级AI底座，端侧Agent雏形显现,王鑫旸,https://data.eastmoney.com/report/zw_industry.jshtml?infocode=AP202606101823413743,recent_ai_quant_report_index
2026-06-09,国元证券,传媒互联网行业周报：AI大模型密集迭代，关注暑期旺季传媒行业表现,李典,https://data.eastmoney.com/report/zw_industry.jshtml?infocode=AP202606091823400619,recent_ai_quant_report_index
2026-06-08,万联证券,计算机行业跟踪报告：AI大模型综合能力持续增强，应用场景有望进一步拓宽拓深,夏清莹,https://data.eastmoney.com/report/zw_industry.jshtml?infocode=AP202606081823363296,recent_ai_quant_report_index
2026-06-08,华源证券,传媒互联网行业周报：大厂AI Agent产品推进，关注优质内容表现,"陈良栋,陈逸凡,周政宇,许孟婕",https://data.eastmoney.com/report/zw_industry.jshtml?infocode=AP202606081823349952,recent_ai_quant_report_index
2026-06-07,国金证券,互联网行业研究：OpenAI官宣Codex将与ChatGPT合体，豆包即将推出专业版,"朱珺,柴梦婷",https://data.eastmoney.com/report/zw_industry.jshtml?infocode=AP202606071823343597,recent_ai_quant_report_index
2026-06-04,上海证券,计算机行业周报：大模型持续迭代，国产AI芯片迎来突破,"章锋,杨佳伟",https://data.eastmoney.com/report/zw_industry.jshtml?infocode=AP202606041823237077,recent_ai_quant_report_index
2026-06-01,万联证券,计算机行业跟踪报告：关注海内外AI大模型迭代升级和AI应用商用化落地,夏清莹,https://data.eastmoney.com/report/zw_industry.jshtml?infocode=AP202606011823129115,recent_ai_quant_report_index
2026-05-31,国金证券,Web3行业研究：链上代币化趋势持续加强，AI Agent开启链上交易,"王倩雯,樊志远",https://data.eastmoney.com/report/zw_industry.jshtml?infocode=AP202605311823107101,recent_ai_quant_report_index
2026-05-29,国信证券,互联网：被低估的CPU与爆发的Agent时代：全球服务器CPU市场规模测算和趋势分析,"张伦可,刘子谭",https://data.eastmoney.com/report/zw_industry.jshtml?infocode=AP202605291822987579,recent_ai_quant_report_index
2026-05-28,解数咨询,OPC创业指南：一个人+N个Agent，把公司开起来,,https://data.eastmoney.com/report/zw_strategy.jshtml?encodeUrl=rmuxYk%2F8kah%2BEc3RizjA1DIX1iUbcIma%2F2kEaq9fL94%3D,recent_ai_quant_report_index
2026-05-27,国信证券,传媒互联网行业周报：Agent平台竞争加剧，关注AI应用板块机会,"张衡,熊莉,陈瑶蓉",https://data.eastmoney.com/report/zw_industry.jshtml?infocode=AP202605271822912916,recent_ai_quant_report_index
2026-05-24,东吴证券,电子行业点评报告：国产算力周跟踪：DeepSeek降价推动AI应用，行业龙头继续明确Agent时代CPU核心地位,"陈海进,李雅文",https://data.eastmoney.com/report/zw_industry.jshtml?infocode=AP202605241822840931,recent_ai_quant_report_index
2026-05-23,深圳来觅数据信息科技,【RimeData周报】600亿美元锁定Cursor、GPT-5.5上线、DeepSeek V4发布：AI产业本周三连击,,https://data.eastmoney.com/report/zw_strategy.jshtml?encodeUrl=oTnALw0IwKnLe5aAuNhqSXS9r5XJqXKRyB3UMe1Pe3I%3D,recent_ai_quant_report_index
2026-05-20,国信证券,传媒互联网周报：国产Agent迭代迅速，关注AI应用底部轮动机会,"张衡,熊莉,陈瑶蓉",https://data.eastmoney.com/report/zw_industry.jshtml?infocode=AP202605201822498903,recent_ai_quant_report_index
2026-05-19,华鑫证券,计算机行业周报：OpenAI推出ChatGPT个人理财功能，GPT-5.5首破测试ProgramBench,任春阳,https://data.eastmoney.com/report/zw_industry.jshtml?infocode=AP202605191822432599,recent_ai_quant_report_index
2026-05-19,头豹研究院,2025年金融智能体行业：智能体AI Agent的创新和应用,"袁栩聪,徐小雅",https://data.eastmoney.com/report/zw_industry.jshtml?infocode=AP202605191822452869,recent_ai_quant_report_index
2026-05-18,华源证券,计算机行业点评报告：长程Agent的入口争夺,宁柯瑜,https://data.eastmoney.com/report/zw_industry.jshtml?infocode=AP202605181822390949,recent_ai_quant_report_index
2026-05-18,万联证券,计算机行业跟踪报告：关注我国AI大模型的垂直领域能力升级及商用化进程提速,夏清莹,https://data.eastmoney.com/report/zw_industry.jshtml?infocode=AP202605181822398255,recent_ai_quant_report_index
2026-05-14,增长黑盒,2026中国OpenClaw生态现状：用户及企业应用调研报告-人类与AI Agent如何共同进化？,,https://data.eastmoney.com/report/zw_industry.jshtml?infocode=AP202605141822320153,recent_ai_quant_report_index
2026-05-13,华鑫证券,计算机行业周报：OpenAI发布GPT-5.5 Instant，火山引擎推出Doubao-Seed-2.0-lite,任春阳,https://data.eastmoney.com/report/zw_industry.jshtml?infocode=AP202605131822276519,recent_ai_quant_report_index
2026-05-08,中银证券,策略点评：大模型付费催化AI应用商业化,"王君,高天然",https://data.eastmoney.com/report/zw_strategy.jshtml?encodeUrl=Vzxb5dV9nZa96IsXVdMsLnPJ0MXHGAP3Yf58twspezY%3D,recent_ai_quant_report_index
2026-05-07,国信证券,传媒互联网行业周报：国产Agent和多模态模型持续突破，五一档票房超过7亿,"张衡,熊莉,陈瑶蓉",https://data.eastmoney.com/report/zw_industry.jshtml?infocode=AP202605071822032785,recent_ai_quant_report_index
2026-05-06,开源证券,传媒行业周报：国产模型商业化提速，布局大模型/AI漫剧/算力租赁,方光照,https://data.eastmoney.com/report/zw_industry.jshtml?infocode=AP202605061821982012,recent_ai_quant_report_index
2026-04-29,头豹研究院,AI变革行业创新发展：中外大模型发展探析,常乔雨,https://data.eastmoney.com/report/zw_industry.jshtml?infocode=AP202604291821765437,recent_ai_quant_report_index
2026-04-28,国信证券,人工智能行业周报（26年第17周）：OpenAI发布GPT 5.5，DeepSeek V4上线,"张伦可,陈淑媛,王颖婕,刘子谭,张昊晨",https://data.eastmoney.com/report/zw_industry.jshtml?infocode=AP202604281821693255,recent_ai_quant_report_index
2026-04-28,华鑫证券,AI算力行业周报：谷歌发布新一代TPU，OpenAI发布GPT-5.5,"庄宇,张璐,何鹏程,石俊烨",https://data.eastmoney.com/report/zw_industry.jshtml?infocode=AP202604281821660575,recent_ai_quant_report_index
2026-04-28,华鑫证券,计算机行业周报：OpenAI发布GPT-5.5旗舰大模型，DeepSeekV4发布,任春阳,https://data.eastmoney.com/report/zw_industry.jshtml?infocode=AP202604281821652527,recent_ai_quant_report_index
2026-04-28,上海证券,计算机行业周报-DeepSeek-V4发布：国产AI的“临界点”与“新范式”,章锋,https://data.eastmoney.com/report/zw_industry.jshtml?infocode=AP202604281821659756,recent_ai_quant_report_index
2026-04-27,开源证券,科技行业周报：DeepSeek V4有望为AI行业带来系统性革新，政策助力数据资产化发展,"初敏,杨哲",https://data.eastmoney.com/report/zw_industry.jshtml?infocode=AP202604271821596412,recent_ai_quant_report_index
2026-04-27,东吴证券,策略周评：OpenAI发布GPT-5.5,"陈刚,谢立昕",https://data.eastmoney.com/report/zw_strategy.jshtml?encodeUrl=I0G8zgsN1iSKizHA2BNZ6AgFrh6BxsPerLmkR%2BNT7VI%3D,recent_ai_quant_report_index
2026-04-27,信达证券,电子行业周报：Agent加速CPU短缺，产能吃紧或推动价格进一步提升,"莫文宇,郭一江,杨宇轩,王义夫",https://data.eastmoney.com/report/zw_industry.jshtml?infocode=AP202604271821595585,recent_ai_quant_report_index
2026-04-27,国金证券,AI周观察：国内外大模型密集发布，特斯拉汽车业务有所改善,"刘道明,黄晓军",https://data.eastmoney.com/report/zw_industry.jshtml?infocode=AP202604271821633971,recent_ai_quant_report_index
2026-04-26,东吴证券,计算机行业点评报告：Agent时代CPU迎来重新定位，国产CPU有望量价齐升,王紫敬,https://data.eastmoney.com/report/zw_industry.jshtml?infocode=AP202604261821593594,recent_ai_quant_report_index
2026-04-22,国金证券,行业轮动双周度跟踪：边际增持非银金融、环保和基础化工,"高鹤文,冯思诗",https://data.eastmoney.com/report/zw_strategy.jshtml?encodeUrl=oJHUkvoF%2BYqNhnlDxd5vJoRy76885fP5j30AORlbDTU%3D,recent_ai_quant_report_index
2026-04-20,解数咨询,AI编程行业深度研究报告：从代码补全到智能体（Agent）时代,,https://data.eastmoney.com/report/zw_industry.jshtml?infocode=AP202604201821352864,recent_ai_quant_report_index
2026-04-20,万联证券,计算机行业跟踪报告：AI大模型应用能力持续升级，关注词元调用量增长及AI安全的部署需求,夏清莹,https://data.eastmoney.com/report/zw_industry.jshtml?infocode=AP202604201821341339,recent_ai_quant_report_index
2026-04-19,国信证券,人工智能行业专题（16）：Agent驱动全球模型厂MaaS收入爆发，国产模型各有优势,"张伦可,陈淑媛",https://data.eastmoney.com/report/zw_industry.jshtml?infocode=AP202604191821320224,recent_ai_quant_report_index
2026-04-15,华源证券,AI应用追寻系列报告（三）：OpenClaw启发AI Agent新阶段：能力跃迁与入口争夺,陈良栋,https://data.eastmoney.com/report/zw_industry.jshtml?infocode=AP202604141821200006,recent_ai_quant_report_index
2026-04-15,上海证券,计算机行业周报：大模型创新仍在加速，推动AI推理需求爆发,章锋,https://data.eastmoney.com/report/zw_industry.jshtml?infocode=AP202604151821223438,recent_ai_quant_report_index
2026-04-15,华鑫证券,计算机行业周报：Claude Mythos Preview正式发布，HermesAgent引爆开源社区,任春阳,https://data.eastmoney.com/report/zw_industry.jshtml?infocode=AP202604151821221000,recent_ai_quant_report_index
2026-04-14,万联证券,计算机行业跟踪报告：AI大模型争相迭代，Anthropic称ARR突破300亿美元,夏清莹,https://data.eastmoney.com/report/zw_industry.jshtml?infocode=AP202604141821170585,recent_ai_quant_report_index
2026-04-13,国信证券,人工智能周报（26年第15周）：腾讯QClaw正式开启公测，小米推出三款面向Agent时代的大模型,"张伦可,陈淑媛,王颖婕,刘子谭,张昊晨",https://data.eastmoney.com/report/zw_industry.jshtml?infocode=AP202604131821149821,recent_ai_quant_report_index
2026-04-13,开源证券,海外科技行业周报：模型迭代节奏仍然快速，Hermes Agent提供新的智能体思路,"初敏,杨哲",https://data.eastmoney.com/report/zw_industry.jshtml?infocode=AP202604131821144423,recent_ai_quant_report_index
2026-04-13,华源证券,人形机器人产业周报：智元物理AI全栈升级，具身大模型开始竞逐,赵梦妮,https://data.eastmoney.com/report/zw_industry.jshtml?infocode=AP202604131821148909,recent_ai_quant_report_index
2026-04-12,开源证券,通信行业周报：Lumentum短期产能售罄，国产大模型连创佳绩，AI势如破竹,"蒋颖,杜致远,杨昕东",https://data.eastmoney.com/report/zw_industry.jshtml?infocode=AP202604121821140105,recent_ai_quant_report_index
2026-04-10,金元证券,计算机行业点评报告：Anthropic发布Managed Agents，头部大模型公司入局Agent Infra,周强,https://data.eastmoney.com/report/zw_industry.jshtml?infocode=AP202605221822678034,recent_ai_quant_report_index
2026-04-03,中邮证券,传媒：AI Agent加速短剧供给侧扩容，看好IP、平台方价值持续提升,王晓萱,https://data.eastmoney.com/report/zw_industry.jshtml?infocode=AP202604031821013968,recent_ai_quant_report_index
2026-04-01,华鑫证券,计算机行业点评报告：GitLab：基本盘维持稳健，Duo Agent Platform与混合定价打开长期增量空间,"任春阳,谢孟津",https://data.eastmoney.com/report/zw_industry.jshtml?infocode=AP202604011820936396,recent_ai_quant_report_index
2026-04-01,华鑫证券,计算机行业点评报告：Salesforce（CRM.N）：Agentforce与数据云开始贡献增量，平台化销售继续推高收入质量,"任春阳,谢孟津",https://data.eastmoney.com/report/zw_industry.jshtml?infocode=AP202604011820937562,recent_ai_quant_report_index
2026-03-31,华鑫证券,计算机行业点评报告：OpenAI发布GPT-5.4，原生计算机能力开启AI专业级应用新阶段,"任春阳,谢孟津",https://data.eastmoney.com/report/zw_industry.jshtml?infocode=AP202603311820892297,recent_ai_quant_report_index
2026-03-30,金融街证券,智能科技行业2月报：“龙虾”生态爆火推动行业格局重构，AI Agent产业链持续受益,徐娜,https://data.eastmoney.com/report/zw_industry.jshtml?infocode=AP202603301820874617,recent_ai_quant_report_index
2026-03-30,金融街证券,行业轮动ETF策略周报,"张一,李杜",https://data.eastmoney.com/report/zw_strategy.jshtml?encodeUrl=x9pIQofGzI9LIaB0HSp91gb9Vq7xm4NH0hlo1FggjDA%3D,recent_ai_quant_report_index
2026-03-30,万联证券,计算机行业跟踪报告：“Token”中文名确定为“词元”，关注“词元经济”和AI大模型的商业化路径,夏清莹,https://data.eastmoney.com/report/zw_industry.jshtml?infocode=AP202603301820875510,recent_ai_quant_report_index
2026-03-30,金融街证券,大类资产策略研究（二）：全天候策略研究：基于境内ETF的多资产配置实践,"张一,柯岩",https://data.eastmoney.com/report/zw_strategy.jshtml?encodeUrl=x9pIQofGzI9LIaB0HSp91lGi7H4fewiAWrWEp9OMuHg%3D,recent_ai_quant_report_index
2026-03-30,太平洋,传媒互联网行业点评：Claude更新功能向Agent演进，OpenAI关停Sora,"郑磊,李林卉",https://data.eastmoney.com/report/zw_industry.jshtml?infocode=AP202603301820876647,recent_ai_quant_report_index
2026-03-29,国金证券,计算机行业研究：再一次谈自定义Agent,刘高畅,https://data.eastmoney.com/report/zw_industry.jshtml?infocode=AP202603291820837408,recent_ai_quant_report_index
2026-03-26,沙利文公司,2026年中国智能体市场洞察：侵入式Agent产业治理白皮书,,https://data.eastmoney.com/report/zw_industry.jshtml?infocode=AP202603261820773453,recent_ai_quant_report_index
2026-03-26,华鑫证券,计算机行业周报：GPT-5.4mini与nano轻量登场，SkyReels-V4登顶全球AI视频大模型榜首,任春阳,https://data.eastmoney.com/report/zw_industry.jshtml?infocode=AP202603261820757819,recent_ai_quant_report_index
2026-03-24,万联证券,通信行业跟踪报告：GTC及OFC 2026聚焦AI算力、Token、Agent以及超大规模AI数据中心的互连需求,夏清莹,https://data.eastmoney.com/report/zw_industry.jshtml?infocode=AP202603241820722245,recent_ai_quant_report_index
2026-03-24,爱建证券,电子行业专题报告：OpenClaw赋能AI Agent新范式,"许亮,朱俊宇",https://data.eastmoney.com/report/zw_industry.jshtml?infocode=AP202603241820721473,recent_ai_quant_report_index
2026-03-20,联储证券,AI Agent范式升级：从OpenClaw看产业链增长机遇,王竞萱,https://data.eastmoney.com/report/zw_industry.jshtml?infocode=AP202603201820675193,recent_ai_quant_report_index
2026-03-16,东海证券,电子行业周报：OpenClaw引发Agent热潮，推理Token需求拉动算力增长,方霁,https://data.eastmoney.com/report/zw_industry.jshtml?infocode=AP202603161820578951,recent_ai_quant_report_index
2026-03-16,东吴证券,策略周评：Openclaw加速推动Agent落地,"陈刚,谢立昕",https://data.eastmoney.com/report/zw_strategy.jshtml?encodeUrl=ivGavoqmU0N6YSeJK0gsmlabHeBZyMaVEkgotO%2BhKu0%3D,recent_ai_quant_report_index
2026-03-16,开源证券,电子行业点评报告：OpenClaw热潮加速端侧Agent渗透，推理算力需求激增,"陈蓉芳,陈瑜熙,张威震",https://data.eastmoney.com/report/zw_industry.jshtml?infocode=AP202603161820572634,recent_ai_quant_report_index
2026-03-12,国新证券股份,计算机行业周报：OpenAI发布最新模型GPT-5.4,钟哲元,https://data.eastmoney.com/report/zw_industry.jshtml?infocode=AP202603121820506373,recent_ai_quant_report_index
2026-03-10,华鑫证券,半导体行业周报：半导体产业链景气度结构性攀升，Agentic AI带动CPU价值重估,何鹏程,https://data.eastmoney.com/report/zw_industry.jshtml?infocode=AP202603101820436373,recent_ai_quant_report_index
2026-03-10,华鑫证券,计算机行业周报：GPT-5.4开启智能体新纪元，REDSearcher框架实现深度搜索Agent技术突破,任春阳,https://data.eastmoney.com/report/zw_industry.jshtml?infocode=AP202603101820436379,recent_ai_quant_report_index
2026-03-10,金元证券,计算机行业周评：AI进入“Agent时代”,周强,https://data.eastmoney.com/report/zw_industry.jshtml?infocode=AP202603101820453944,recent_ai_quant_report_index
2026-03-09,开源证券,海外行业周报：AI应用向Agent进化，Robotaxi市场化进程提速,"初敏,荀月,杨哲",https://data.eastmoney.com/report/zw_industry.jshtml?infocode=AP202603091820403487,recent_ai_quant_report_index
2026-03-09,中银证券,计算机行业“一周解码”：OpenClaw带领AI步入“实用Agent”时代,"杨思睿,郑静文",https://data.eastmoney.com/report/zw_industry.jshtml?infocode=AP202603091820408308,recent_ai_quant_report_index
2026-03-09,中邮证券,计算机：OpenAI发布GPT 5.4再登王者之位，Agent能力再上台阶,"李佩京,王思",https://data.eastmoney.com/report/zw_industry.jshtml?infocode=AP202603091820411027,recent_ai_quant_report_index
2026-03-08,国金证券,计算机：GPT-5.4：执行型AI加速落地，OpenClaw绝佳搭档,刘高畅,https://data.eastmoney.com/report/zw_industry.jshtml?infocode=AP202603081820390974,recent_ai_quant_report_index
2026-03-08,开源证券,电子行业周报：存储高景气度逐步向上游扩散，OpenClaw登顶GitHub开启端侧AIAgent新形态,"陈蓉芳,向俊儒",https://data.eastmoney.com/report/zw_industry.jshtml?infocode=AP202603081820389005,recent_ai_quant_report_index
2026-03-05,东吴证券,房地产行业深度报告：基于量化分析与大模型的房地产股票AI选股系统,"姜好幸,刘汪",https://data.eastmoney.com/report/zw_industry.jshtml?infocode=AP202603051820297405,recent_ai_quant_report_index
2026-03-04,华鑫证券,计算机行业周报：OpenClaw推动AI迈入Agent时代，NanoBanana2重塑图像生成格局,任春阳,https://data.eastmoney.com/report/zw_industry.jshtml?infocode=AP202603041820254315,recent_ai_quant_report_index
2026-03-03,国信证券,互联网行业2026年3月投资策略：观察Agent对互联网生态流量和用户的影响，优选领先大模型厂商和算力供应链,"张伦可,陈淑媛,王颖婕,刘子谭,张昊晨",https://data.eastmoney.com/report/zw_industry.jshtml?infocode=AP202603031820214091,recent_ai_quant_report_index
2026-03-03,国信证券,传媒互联网周报：DeepSeek V4将发布，持续看好AI应用,"张衡,熊莉,陈瑶蓉",https://data.eastmoney.com/report/zw_industry.jshtml?infocode=AP202603031820228875,recent_ai_quant_report_index
2026-03-03,万联证券,计算机行业跟踪报告：国产AI大模型使用量大幅增长，关注AI产业的生态构建和数据基础设施建设,夏清莹,https://data.eastmoney.com/report/zw_industry.jshtml?infocode=AP202603031820234227,recent_ai_quant_report_index
2026-03-02,国信证券,AI赋能资产配置（三十七）：AI+Deep Research: ESG投研自动化解决方案,"王开,陈凯畅",https://data.eastmoney.com/report/zw_strategy.jshtml?encodeUrl=xaPE959pU87MWNSCxuLFL4mykYMRaMOimzt6rKrWuZ4%3D,recent_ai_quant_report_index
2026-03-01,开源证券,通信行业周报：英伟达业绩亮眼，DeepSeek新突破，重视全球AI共振,"蒋颖,杜致远",https://data.eastmoney.com/report/zw_industry.jshtml?infocode=AP202603011820157992,recent_ai_quant_report_index
2026-02-24,中航证券,AI医疗2月月报：AI药物发现提速，国产医疗大模型彰显国际竞争力,李蔚,https://data.eastmoney.com/report/zw_industry.jshtml?infocode=AP202602241819995547,recent_ai_quant_report_index
2026-02-24,中银证券,AI行业点评：大模型演进路径逐渐清晰，算力或供不应求,"苏凌瑶,周世辉,茅珈恺",https://data.eastmoney.com/report/zw_industry.jshtml?infocode=AP202602241819996626,recent_ai_quant_report_index
2026-02-24,开源证券,电子行业点评报告：海内外大模型密集更新，推动AI算力需求持续增长,"陈蓉芳,张威震",https://data.eastmoney.com/report/zw_industry.jshtml?infocode=AP202602231819984093,recent_ai_quant_report_index
2026-02-23,开源证券,海外AI行业周报：春节成为C端AI全民普及拐点，国产大模型跻身全球第一梯队,"初敏,杨哲,荀月",https://data.eastmoney.com/report/zw_industry.jshtml?infocode=AP202602231819981353,recent_ai_quant_report_index
2026-02-22,深圳来觅数据信息科技,RimeData周报：Seedance 2.0发布突破音画同步瓶颈，OpenClaw安全合作启动暴露Agent治理缺口,,https://data.eastmoney.com/report/zw_strategy.jshtml?encodeUrl=tJcSnfpJq0g4B2iySjXZr77r3L2vHU08%2FiIuPSXuFG4%3D,recent_ai_quant_report_index
2026-02-21,国新证券股份,计算机：OpenClaw带动AI Agent渗透提速,钟哲元,https://data.eastmoney.com/report/zw_industry.jshtml?infocode=AP202602211819975835,recent_ai_quant_report_index
2026-02-13,国信证券,传媒行业2月投资策略：大模型能力与大厂AI应用加速，持续看好AI应用与IP潮玩机会,"张衡,陈瑶蓉",https://data.eastmoney.com/report/zw_industry.jshtml?infocode=AP202602131819926222,recent_ai_quant_report_index
2026-02-13,头豹研究院,金融智能体：从大模型到智能体，AI如何重构金融服务生态？,"袁栩聪,付淑芳",https://data.eastmoney.com/report/zw_industry.jshtml?infocode=AP202602131819924935,recent_ai_quant_report_index
2026-02-08,东吴证券,策略周评：Claude Opus 4.6开启多Agent协作模式,"陈刚,谢立昕",https://data.eastmoney.com/report/zw_strategy.jshtml?encodeUrl=laLmyrxo1oSiGrVFb48kwNB9hRmOy4FTrUACE80WZMM%3D,recent_ai_quant_report_index
2026-01-30,中银证券,策略点评：Moltbot催化AI agent产业链投资机会,"王君,高天然",https://data.eastmoney.com/report/zw_strategy.jshtml?encodeUrl=Vbzdc53JbV6%2FGPJE8j%2FCmmEDxv1%2BpUy4%2FDYGN7CbgKs%3D,recent_ai_quant_report_index
2026-01-29,国信证券,AI赋能资产配置（三十六）：更高、更快、更强！AI技术分析进化论,"陈凯畅,王开",https://data.eastmoney.com/report/zw_strategy.jshtml?encodeUrl=vQBx8EoWSH5B8Z9rNTdBqGZ1xPm8Gw1ENU5mznLxTFE%3D,recent_ai_quant_report_index
2026-01-27,国信证券,AI赋能资产配置（三十五）：用AI来“接管”投资时钟,王开,https://data.eastmoney.com/report/zw_strategy.jshtml?encodeUrl=ti0C8157FPcX743pDeeMGC1%2Fzh7hHb563RN4dpG3mO4%3D,recent_ai_quant_report_index
2025-12-22,国信证券,估值周观察（12月第3期）：风格反转，行业轮动,"王开,陈凯畅",https://data.eastmoney.com/report/zw_strategy.jshtml?encodeUrl=%2F3mWTBCzbS3S7%2FZc46MWFPvw34Mc8bBXnPtsSJzdB18%3D,recent_ai_quant_report_index
2025-12-14,国信证券,AI赋能资产配置（三十二）：AI如何赋能财经信息“聚合提纯”？,"王开,陈凯畅",https://data.eastmoney.com/report/zw_strategy.jshtml?encodeUrl=UuMiCa57Dzl2XEUqskt5goj4MWwUTR3aX8q8JeQPjhA%3D,recent_ai_quant_report_index
2025-12-14,开源证券,北交所策略专题报告：GPT5.2发布、千问破3000万月活，聚焦AI产业映射下北证核心资产,诸海滨,https://data.eastmoney.com/report/zw_strategy.jshtml?encodeUrl=UuMiCa57Dzl2XEUqskt5gpPJ12I9wASniV7zczLF6c0%3D,recent_ai_quant_report_index
2025-12-14,国信证券,AI赋能资产配置（三十三）：DeepSeek与Gemini，谁更懂A股？,"王开,陈凯畅",https://data.eastmoney.com/report/zw_strategy.jshtml?encodeUrl=UuMiCa57Dzl2XEUqskt5ggeo7NJC%2F%2FerUlHKppyJh0k%3D,recent_ai_quant_report_index
2025-12-11,国信证券,AI赋能资产配置（三十）：投研效率革命已至，但AI边界在哪？,"王开,陈凯畅",https://data.eastmoney.com/report/zw_strategy.jshtml?encodeUrl=pvTYqdH%2BLMicWbVTBURjsF2nMJJwaBZ3FR4e1ZDbnmQ%3D,recent_ai_quant_report_index
2025-12-11,国信证券,AI赋能资产配置（三十一）：对冲基金怎么用AI做投资,"王开,陈凯畅",https://data.eastmoney.com/report/zw_strategy.jshtml?encodeUrl=pvTYqdH%2BLMicWbVTBURjsLBrTFsNEZbSTNo40YuhBT4%3D,recent_ai_quant_report_index
2025-12-04,中银证券,资产配置模型系列：基于周期理论的改进BL资产配置模型与应用展望,"王君,郭晓希",https://data.eastmoney.com/report/zw_strategy.jshtml?encodeUrl=HQy6sHzWp2NYQ9zexcYXVSq5qRRLHgz0GOniPbl9AzQ%3D,recent_ai_quant_report_index
2025-12-03,国信证券,AI赋能资产配置（二十八）：AI、分析师与交易员：殊途同归与优势互补,"王开,陈凯畅",https://data.eastmoney.com/report/zw_strategy.jshtml?encodeUrl=oEtsPwp%2BDnHVNDKpZgu8cVkvwC%2B%2BkGQMgCL9az1Zrac%3D,recent_ai_quant_report_index
2025-11-27,国信证券,AI赋能资产配置（二十六）：AI“添翼”：大模型增强投资组合回报,"王开,陈凯畅",https://data.eastmoney.com/report/zw_strategy.jshtml?encodeUrl=SMUdRuvWX%2F2ajkO649Im%2FRcvFlrl8Az11yu4%2F5%2B%2FvkE%3D,recent_ai_quant_report_index
2025-11-27,国信证券,AI赋能资产配置（二十七）：AI投研利器：TradingAgents测试,"王开,陈凯畅",https://data.eastmoney.com/report/zw_strategy.jshtml?encodeUrl=SMUdRuvWX%2F2ajkO649Im%2FQ02L3sxt7cagp4deC%2BuMe8%3D,recent_ai_quant_report_index
2025-11-24,第一上海证券,AI大模型周报,"李京霖,李倩,陈晓霞",https://data.eastmoney.com/report/zw_strategy.jshtml?encodeUrl=00ylwMhJiAk1Ftiu8lE6dS32Lr08M4bf3%2FZIqQRdr3E%3D,recent_ai_quant_report_index
2025-11-18,国信证券,AI赋能资产配置（二十五）：AI投资实战第三赛季：事件型交易预测指南,王开,https://data.eastmoney.com/report/zw_strategy.jshtml?encodeUrl=bqgVzjdXCHYJiyJpYBnAuBgL7D4A5hJN%2BAygAR6cIJo%3D,recent_ai_quant_report_index
2025-11-16,华金证券,年底行业轮动如何演绎？,"邓利军,张欣诺",https://data.eastmoney.com/report/zw_strategy.jshtml?encodeUrl=TS%2FeFo2Fq%2FKnc%2BrjQ9i%2B3WOhV908CXy8YU1IrHrt%2FWw%3D,recent_ai_quant_report_index
2025-11-13,国信证券,AI赋能资产配置（二十四）：AI投资第二赛季：A股和美股观战指南,王开,https://data.eastmoney.com/report/zw_strategy.jshtml?encodeUrl=SX59qqLxo3UDUHvjFXxuCo0AZ6mvYFtD6uy3Glzc29A%3D,recent_ai_quant_report_index
2025-11-11,国信证券,AI赋能资产配置（二十三）：智能投研Agent应用实践,王开,https://data.eastmoney.com/report/zw_strategy.jshtml?encodeUrl=J3TeoI0nJyrktVM2xZFkn2OXefPXb%2B2L9Fryyt3paeU%3D,recent_ai_quant_report_index
2025-11-10,国金证券,行业轮动双周度跟踪：边际增持TMT,"高鹤文,冯思诗",https://data.eastmoney.com/report/zw_strategy.jshtml?encodeUrl=DSlDEcPhQg9YUtRjTVcp%2FYSYOlYz7Jj2dAMnsAL7Jl0%3D,recent_ai_quant_report_index
2025-11-05,国信证券,AI赋能资产配置（二十一）：从Transformer到Agent，量化投资实战有何变化？,"王开,陈凯畅",https://data.eastmoney.com/report/zw_strategy.jshtml?encodeUrl=NPlkCtUt9kHEUdloAfWPbCZ3dEjSZcQSXxyCVXIeFjw%3D,recent_ai_quant_report_index
2025-11-03,国信证券,AI赋能资产配置（二十）：大模型投资实战：观战指南,王开,https://data.eastmoney.com/report/zw_strategy.jshtml?encodeUrl=2R2GwUSzqkpYR1CTmpKwIkGM2mkHGAEiHYCoRYK8TjY%3D,recent_ai_quant_report_index
2025-11-02,开源证券,投资策略专题：2025年三季报速览：量价改善，行业轮动力量积蓄,"韦冀星,曹晋",https://data.eastmoney.com/report/zw_strategy.jshtml?encodeUrl=2R2GwUSzqkpYR1CTmpKwIhNS8kJCu26rd3kyX1TtGYQ%3D,recent_ai_quant_report_index
2025-10-30,国信证券,AI赋能资产配置（十八）：LLM助力资产配置与投资融合,王开,https://data.eastmoney.com/report/zw_strategy.jshtml?encodeUrl=3XOE9tuQCeYEKPg1b8QemHXyVUfcgfMVueb%2FDo103Go%3D,recent_ai_quant_report_index
2025-10-29,国信证券,AI赋能资产配置（十九）：机构AI+投资的实战创新之路,王开,https://data.eastmoney.com/report/zw_strategy.jshtml?encodeUrl=ZfRS9u1%2ByR6qdUL1kKqzWiMR3dO8imjH17E4nAbZHzw%3D,recent_ai_quant_report_index
2025-10-28,国信证券,热点快评：智绘新篇：AI大模型重塑金融业态,王开,https://data.eastmoney.com/report/zw_strategy.jshtml?encodeUrl=Klp1pHCuhBSVNsxGtiNHxNGUN%2Bi01fxKwyv9cYzL7DM%3D,recent_ai_quant_report_index
2025-09-25,国信证券,AI赋能资产配置（十七）：AI盯盘：“9·24”行情案例,"王开,陈凯畅",https://data.eastmoney.com/report/zw_strategy.jshtml?encodeUrl=G0YE5X%2FhWaSMkflGiPYBhFcNLjontjG9%2BWQ88dWeSZM%3D,recent_ai_quant_report_index
2025-09-21,华安证券,行业轮动后的市场结构将如何变化？,"郑小霞,刘超,张运智,陈博",https://data.eastmoney.com/report/zw_strategy.jshtml?encodeUrl=jnmz2TdRAIsz%2Bg%2F1WjIfzqhaaufDC5i9qkj7aggzlHg%3D,recent_ai_quant_report_index
2025-08-24,国信证券,AI赋能资产配置追踪（2025.8）：下半年增配股市、成长风格占优,"王开,陈凯畅",https://data.eastmoney.com/report/zw_strategy.jshtml?encodeUrl=ZUVVSaPHAmnnPYirua4TMlvUgtsr7cejKw9Pt4XZIAg%3D,recent_ai_quant_report_index
2025-07-06,国信证券,AI赋能资产配置追踪（2025.7）：AI提示货币信用体系占优,"王开,陈凯畅,董德志",https://data.eastmoney.com/report/zw_strategy.jshtml?encodeUrl=ZR82pRVUtIYjG8BS63qc43lQt1Qw0seVgiuzS2%2BMSRA%3D,recent_ai_quant_report_index
2025-06-11,民生证券,深度学习因子月报：Meta_Master因子5月实现超额收益3.9%,"叶尔乐,韵天雨",https://data.eastmoney.com/report/zw_strategy.jshtml?encodeUrl=hHy8j6m5%2FMe6r52YBONYg8B1sH6rbMwV%2FMu2MYybWtg%3D,recent_ai_quant_report_index
2025-06-09,中邮证券,行业轮动周报：资金博弈停牌个股大幅流入信创ETF，概念轮动速度较快,"肖承志,李子凯",https://data.eastmoney.com/report/zw_strategy.jshtml?encodeUrl=ezbXk6xnu%2Fvida2lPUEpFazsYnll2nUcWGI%2FbbiGB2s%3D,recent_ai_quant_report_index
2025-05-26,国信证券,AI赋能资产配置（十六）：大模型辅助全球股市复盘和寻锚,王开,https://data.eastmoney.com/report/zw_strategy.jshtml?encodeUrl=HDAhjhg6MYzq%2Bf7ibdAcIJSC8h0x9Wv%2F%2Bq1y57%2BI60E%3D,recent_ai_quant_report_index
2025-05-18,国信证券,AI赋能资产配置（十五）：DeepSeek读沪深300 ESG报告（下篇）,"陈凯畅,王开",https://data.eastmoney.com/report/zw_strategy.jshtml?encodeUrl=1wXxe%2F9RI1vExdF1u0po9nmFBMkxN09EhyGZpkqe8qc%3D,recent_ai_quant_report_index
2025-05-15,国信证券,AI赋能资产配置（十三）：DeepSeek读沪深300 ESG报告（上篇）,"王开,陈凯畅",https://data.eastmoney.com/report/zw_strategy.jshtml?encodeUrl=QoIVZHL08xbvnh%2BPx2kUttMCPlCd9jnuZFcp6wYEPQc%3D,recent_ai_quant_report_index
2025-05-15,国信证券,AI赋能资产配置（十四）：借力大模型应对特朗普言论风险信号,王开,https://data.eastmoney.com/report/zw_strategy.jshtml?encodeUrl=QoIVZHL08xbvnh%2BPx2kUtphRIm%2FmTIo7AJdG3wkxm7Y%3D,recent_ai_quant_report_index
2025-05-06,国信证券,AI赋能资产配置（十二）：DeepSeek资产配置进阶实践的20个核心问答,"陈凯畅,王开,董德志",https://data.eastmoney.com/report/zw_strategy.jshtml?encodeUrl=ovKCkSLIbawSzmnHa4mnCbcG1Adx7PhmtvwfkKRZvUw%3D,recent_ai_quant_report_index
2025-04-20,国信证券,AI赋能资产配置追踪（2025.4）：模型提示股市倾向亚太，A股关注农业军工,"王开,陈凯畅,董德志",https://data.eastmoney.com/report/zw_strategy.jshtml?encodeUrl=Q1U3qcnwzEsxcCiUjgsP628tRYtXf6GLWT9t6pRlkgw%3D,recent_ai_quant_report_index
2025-04-20,华安证券,策略研究周度报告：消费行业轮动，行至何阶段？,"郑小霞,刘超,张运智,任思雨",https://data.eastmoney.com/report/zw_strategy.jshtml?encodeUrl=Q1U3qcnwzEsxcCiUjgsP60BEuuRQVDSOk2ggKJejHgM%3D,recent_ai_quant_report_index
2025-04-14,国信证券,AI赋能资产配置追踪（2025.4）：DeepSeek提示当前适用货币信用体系，股债轮动效应加剧,"王开,董德志",https://data.eastmoney.com/report/zw_strategy.jshtml?encodeUrl=n5bXox9rN2e7v1oRd%2FW9J9mCjm%2BnUXCqvN%2B2Y2V3yuw%3D,recent_ai_quant_report_index
2025-04-10,民生证券,深度学习因子月报：DL_EM_Dynamic因子三月实现超额收益6.6%,"叶尔乐,韵天雨",https://data.eastmoney.com/report/zw_strategy.jshtml?encodeUrl=Jk%2FIrPYH11KYA7lllYkvKjqtJDBumwPlveOgrP679Q0%3D,recent_ai_quant_report_index
2025-04-06,华源证券,北交所科技成长产业跟踪第二十期：AI Agent或将成为未来人机协同的主要模式，关注北交所布局AI应用企业,"赵昊,万枭",https://data.eastmoney.com/report/zw_strategy.jshtml?encodeUrl=g0dZvvWgXQ8mW9EVqG8%2FGBhZtxD8IsuivWXjjakFwtw%3D,recent_ai_quant_report_index
2025-04-06,国信证券,AI赋能资产配置（十一）：从算力平权到投研平权,王开,https://data.eastmoney.com/report/zw_strategy.jshtml?encodeUrl=g0dZvvWgXQ8mW9EVqG8%2FGL%2BvD2Cy8J%2Fjedt0P8mH%2FVo%3D,recent_ai_quant_report_index
2025-04-01,国信证券,AI赋能资产配置（十）：善用DeepSeek重现经典投资策略,王开,https://data.eastmoney.com/report/zw_strategy.jshtml?encodeUrl=oVsFMRnefdemR2yNjNTu%2FQz%2B%2F4ceuE%2B3hbP7ibPEEVg%3D,recent_ai_quant_report_index
2025-03-20,国信证券,AI赋能资产配置（九）：DeepSeek打造ESG有效前沿,王开,https://data.eastmoney.com/report/zw_strategy.jshtml?encodeUrl=HT1y3FkeSv4mIIjRV8sHWWJ7n9csS9N7txxZDHWIwKA%3D,recent_ai_quant_report_index
2025-03-19,国信证券,AI赋能资产配置（八）：DeepSeek在资产配置中的实战解答,"王开,董德志",https://data.eastmoney.com/report/zw_strategy.jshtml?encodeUrl=YOdqHC5L%2BDEfQtlpeouPBRyWsXdKUFBQdAeiplr6aeQ%3D,recent_ai_quant_report_index
2025-03-17,国信证券,AI赋能资产配置（七）：乘风DeepSeek理解货币政策取向,"王开,田地",https://data.eastmoney.com/report/zw_strategy.jshtml?encodeUrl=2FV6YWxVvwSERBeA1NZg4RokmSWz49hCSU3%2BpZSj00o%3D,recent_ai_quant_report_index
2025-03-12,国信证券,AI赋能资产配置（六）：海内外资管机构AI大模型应用探索,"王开,陈凯畅",https://data.eastmoney.com/report/zw_strategy.jshtml?encodeUrl=CiqmV%2BKFLWlKifP3zbrgPr%2BqCuLq38XlXjPeM78BviE%3D,recent_ai_quant_report_index
2025-03-05,华安证券,重要会议点评：政策靠前发力，把握行业轮动机会,"郑小霞,张运智",https://data.eastmoney.com/report/zw_strategy.jshtml?encodeUrl=cJM02qr60%2BnNP6JKWgqwzLNiDW%2FmYfKcuCbYxoVWthM%3D,recent_ai_quant_report_index
2025-03-03,国信证券,AI赋能资产配置（三）：DeepSeek与风险“再平价”,"王开,董德志",https://data.eastmoney.com/report/zw_strategy.jshtml?encodeUrl=RVfHWybq3DZRHQJOx9m%2FmtoV39lc2acZZRD1EILaB3U%3D,recent_ai_quant_report_index
2025-03-02,国信证券,AI赋能资产配置（二）：AI重塑ESG投资范式,王开,https://data.eastmoney.com/report/zw_strategy.jshtml?encodeUrl=Al9DjKWXoBRKP6pRg9OHzZ5aSomprY27duQDJbwycXA%3D,recent_ai_quant_report_index
2025-03-02,国信证券,主题投资月度观察（2025年第2期）：DeepSeek裂变AI链，恒科交投火热,"王开,陈凯畅",https://data.eastmoney.com/report/zw_strategy.jshtml?encodeUrl=Al9DjKWXoBRKP6pRg9OHza0dKf%2BECcY4QbA5iJFvepU%3D,recent_ai_quant_report_index
2025-02-19,国信证券,AI赋能资产配置：DeepSeek对国信多元资配框架的优化,"董德志,王开,邵兴宇",https://data.eastmoney.com/report/zw_strategy.jshtml?encodeUrl=rnJxPS60tvPVhLK69agT41oRDm2WrR7iUzriD0TFyGI%3D,recent_ai_quant_report_index
2025-02-09,开源证券,北交所策略专题报告：Deepseek横空出世，关注并行科技等AI相关优质标的,诸海滨,https://data.eastmoney.com/report/zw_strategy.jshtml?encodeUrl=kra0pUcENtfkeTVyUe%2FZFMufSf2WoH%2BsgqyCqNKXsqk%3D,recent_ai_quant_report_index
2025-02-09,开源证券,中小盘周报：DeepSeek横空出世，AI产业发展至新阶段,"任浪,赵旭杨,徐剑峰",https://data.eastmoney.com/report/zw_strategy.jshtml?encodeUrl=kra0pUcENtfkeTVyUe%2FZFNwy%2FSfxNHUOsl7YmKk6SC8%3D,recent_ai_quant_report_index
2025-02-05,浦银国际证券,浦银国际策略观点：DeepSeek如何影响美股AI主题投资逻辑？,赖烨烨,https://data.eastmoney.com/report/zw_strategy.jshtml?encodeUrl=2hz58u%2F93ppEOon7%2B2IKDPkunqKH1Va9UAEwsc49M6k%3D,recent_ai_quant_report_index
2025-01-09,国际数据,大模型应用落地白皮书：企业AI转型行动指南,,https://data.eastmoney.com/report/zw_strategy.jshtml?encodeUrl=svNNWHWaairDjgIVi%2FYcsm4BGTZoOcuUlA4jZyCsUv8%3D,recent_ai_quant_report_index
2025-01-08,Alphabet,2025年Agents与基础应用白皮书,"Julia Wiesinger,Patrick Marlow,Vladimir Vuskovic",https://data.eastmoney.com/report/zw_strategy.jshtml?encodeUrl=9CcWH9d1onU42MIst3CshjmqxCvqRkvCZAi06mUQnRE%3D,recent_ai_quant_report_index
2025-01-07,开源证券,北交所行业主题报告：AI大模型引领发展，北交所算力优势企业成长空间广阔,诸海滨,https://data.eastmoney.com/report/zw_strategy.jshtml?encodeUrl=zobJ2JBCvJjjxBHEORThNnZwEvaZtddeCTmZ0CO6atY%3D,recent_ai_quant_report_index
2024-12-05,西南证券,海外科技2025年投资策略：AI投资手册·ChatGPT发布两周年纪念版-AI Infra奏响主旋律，AI Agent拉开新画布,王湘杰,https://data.eastmoney.com/report/zw_strategy.jshtml?encodeUrl=V8wvn6awcY16UR5dGX5gY5Qs3swTGOMpb5HXNFk0SjA%3D,recent_ai_quant_report_index
2024-11-24,中银证券,中银量化多策略行业轮动周报,"郭策,陈亮",https://data.eastmoney.com/report/zw_strategy.jshtml?encodeUrl=hJJHsAg0fMQ0ncVMrvdaiMRgvgs1ZXBTelg6sdNqi0o%3D,recent_ai_quant_report_index
2024-11-10,中银证券,中银量化多策略行业轮动周报,"郭策,陈亮",https://data.eastmoney.com/report/zw_strategy.jshtml?encodeUrl=IrS7fs5%2B5l4u8P6Jbeo6TASD5YDLtlGLIVpbzBrxLdk%3D,recent_ai_quant_report_index
2024-11-03,中银证券,中银量化多策略行业轮动周报,"郭策,陈亮",https://data.eastmoney.com/report/zw_strategy.jshtml?encodeUrl=eO0LDdDmu3JAeEEkz6m4cdIqV3sdNCHAF9FMCvx7XDY%3D,recent_ai_quant_report_index
2024-10-27,中银证券,中银量化多策略行业轮动周报,"郭策,陈亮",https://data.eastmoney.com/report/zw_strategy.jshtml?encodeUrl=qOgMjjTwPbYnSJ8Of%2FDqC%2FrLw2WSRQ%2B4NeJWOIpJuJU%3D,recent_ai_quant_report_index
2024-10-13,中银证券,中银量化多策略行业轮动周报,"郭策,陈亮",https://data.eastmoney.com/report/zw_strategy.jshtml?encodeUrl=p9sLAT01v17d99p2NO23e5mgxdEvXgUAy7rO%2BBNJYFg%3D,recent_ai_quant_report_index
2024-09-23,开源证券,北交所科技新产业跟踪第三十六期：OpenAI发布了两款o1大语言模型，北交所AI大模型产业链再梳理,"诸海滨,赵昊,万枭",https://data.eastmoney.com/report/zw_strategy.jshtml?encodeUrl=hx%2BvIgDu%2Fdc3PvwNgOKvVPJaVhwVR18EmcDPnU69bO4%3D,recent_ai_quant_report_index
2024-08-04,中银证券,中银量化多策略行业轮动周报,"郭策,陈亮",https://data.eastmoney.com/report/zw_strategy.jshtml?encodeUrl=pKvdrr8YCBYiacUQp0A3kUhm8agziHPr2DFxWN52aDM%3D,recent_ai_quant_report_index
2024-06-30,中银证券,中银量化多策略行业轮动周报,"郭策,陈亮",https://data.eastmoney.com/report/zw_strategy.jshtml?encodeUrl=c2EObIR1nd4YHSqD%2FGRpANdbGOpQU%2FbZZhEYi5cmyEo%3D,recent_ai_quant_report_index
2024-05-26,开源证券,中小盘周报：小鹏端到端大模型上车，开启AI智驾新时代,"任浪,赵旭杨",https://data.eastmoney.com/report/zw_strategy.jshtml?encodeUrl=DjUzKD%2Fh6b9fLy7YQOb769jQvKlYhumTgoMjYX1LkdA%3D,recent_ai_quant_report_index
2024-05-21,国金证券,A股投资策略周报：“双周期”框架体系下，如何有效“捕捉”风格与行业轮动？,"张弛,吴慧敏",https://data.eastmoney.com/report/zw_strategy.jshtml?encodeUrl=mmikrbOAeDSjXjgh%2F8V8Okp3lHvASLbERpFR9zU0ZTs%3D,recent_ai_quant_report_index
2024-04-30,华安证券,大类资产配置月报第34期：2024年5月：全球经济韧性下，围绕通胀因子配置,"郑小霞,张运智",https://data.eastmoney.com/report/zw_strategy.jshtml?encodeUrl=ildMGlbOM5dp0kcLmwWhf6dWfupB%2Fye6FHUsjNgQn6Q%3D,recent_ai_quant_report_index
2024-04-12,中银证券,中银量化多策略行业轮动周报,"郭策,陈亮",https://data.eastmoney.com/report/zw_strategy.jshtml?encodeUrl=c3sF%2Fh3cjjxfqr1IK9n6uqP8pqZKKH4lPzIrziiZICI%3D,recent_ai_quant_report_index
2024-04-12,中银证券,行业配置月报24年4月：供给侧行业轮动框架,"王君,徐亚,高天然",https://data.eastmoney.com/report/zw_strategy.jshtml?encodeUrl=c3sF%2Fh3cjjxfqr1IK9n6ughWOjYEr0KGHpqtrWliWcw%3D,recent_ai_quant_report_index
2024-04-07,中银证券,策略周报：海外走弱，财报季关注盈利因子配置方向,"王君,徐沛东,郭晓希,徐亚,高天然",https://data.eastmoney.com/report/zw_strategy.jshtml?encodeUrl=lFam15nsHS6ndrYo6KlYVWqIBRC4w9PAY2Kbwhrs070%3D,recent_ai_quant_report_index
2024-03-31,华金证券,春季行情行业轮动的特征,邓利军,https://data.eastmoney.com/report/zw_strategy.jshtml?encodeUrl=mp8wqSHlqlD%2FJZW6erahy3iM1JDiMfHxERMH8xDtkio%3D,recent_ai_quant_report_index
2024-03-25,东吴证券,策略周评：汇率波动的影响和行业轮动的脉络,"陈刚,陈李",https://data.eastmoney.com/report/zw_strategy.jshtml?encodeUrl=EirzsGvdKMqyFdEi13p3RUmzNMiUM0CkOW3F6EJtwKY%3D,recent_ai_quant_report_index
2024-03-22,中银证券,中银量化多策略行业轮动周报,"郭策,陈亮",https://data.eastmoney.com/report/zw_strategy.jshtml?encodeUrl=To0MC9u9V5dlMrEyGGd%2B%2BloWil6TjG%2B0Yga2rxvbHGU%3D,recent_ai_quant_report_index
2024-03-13,中邮证券,策略观点：延续快速行业轮动，顺周期交易尚早,"黄子崟,郭惊华,段利强",https://data.eastmoney.com/report/zw_strategy.jshtml?encodeUrl=%2Fphi5PHod0%2FKPfnKW9AKEFbwQj00KmMy9XSL%2F40pKIM%3D,recent_ai_quant_report_index
20260613,华夏时报网,这只股年内跌幅超28％！AI问询扎堆、参股IPO不少 为何市场不买账？,,http://finance.eastmoney.com/a/202606133770541887.html,news_stream
20260609,21世纪经济报道,IT服务概念强势拉升，国家数据局发布AI高质量数据集建设实施方案|异动情报,,http://finance.eastmoney.com/a/202606093764886833.html,news_stream
20260606,中国经营网,中小银行AI轻量化布局背后：“业务适配”成新命题,,http://finance.eastmoney.com/a/202606063762331522.html,news_stream
20260604,21世纪经济报道,神州信息于宏志：一旦AI产生可度量价值，软件估值就会起来,,http://finance.eastmoney.com/a/202606043760551526.html,news_stream
20260604,每日经济新闻,红利国企ETF国泰（510720）盘中走高1.7%，高股息资产配置价值受关注,,http://finance.eastmoney.com/a/202606043760463831.html,news_stream
20260602,证券时报网,AI PC概念上涨2.46%，6股主力资金净流入超亿元,,http://finance.eastmoney.com/a/202606023757645240.html,news_stream
20260519,第一财经,“5·19行情”27周年：从互联网泡沫到AI革命，两轮科技牛有何不同,,http://finance.eastmoney.com/a/202605193742173652.html,news_stream
20260519,证券时报网,20.79亿主力资金净流入，智谱AI概念涨3.04%,,http://finance.eastmoney.com/a/202605193742082323.html,news_stream
20260518,证券时报网,18.88亿主力资金净流入，智谱AI概念涨2.13%,,http://finance.eastmoney.com/a/202605183740515315.html,news_stream
20260518,证券时报网,AI PC概念涨1.83%，主力资金净流入这些股,,http://finance.eastmoney.com/a/202605183740516643.html,news_stream
20260518,证券时报网,AI手机概念上涨2.26%，12股主力资金净流入超亿元,,http://finance.eastmoney.com/a/202605183740518544.html,news_stream
20260512,每日经济新闻,吉林化纤：高品质大丝束碳纤维可以使用在船舶制造，使船舶轻量化,,http://finance.eastmoney.com/a/202605123733951657.html,news_stream
20260511,财中社,浦发银行这笔10亿旧账 要被AI风口吹活了,,http://finance.eastmoney.com/a/202605113732965373.html,news_stream
20260507,证券时报网,AI PC概念涨3.37%，主力资金净流入32股,,http://finance.eastmoney.com/a/202605073730121232.html,news_stream
20260507,每日经济新闻,变压器行业一季报“冷热不均”：订单狂奔有公司却利润下滑 谁吃到了AIDC和出海的“大蛋糕”？,,http://finance.eastmoney.com/a/202605073729052457.html,news_stream
20260507,人民财讯,立讯精密：AI端侧的产品百花齐放 但还没看到千万级的大批量机会,,http://finance.eastmoney.com/a/202605073729463824.html,news_stream
20260506,第一财经,业绩高增验证AI高景气度，半导体个股扎堆创新高,,http://finance.eastmoney.com/a/202605063728823795.html,news_stream
20260506,每日经济新闻,法狮龙：北宸星穹将以ICT产业作为新业务转型发展的战略方向，立足信息与通讯技术，服务于AI智算行业,,http://finance.eastmoney.com/a/202605063728758685.html,news_stream
20260506,每日经济新闻,"利通电子：公司直接运营的AI算力云规模已达38,000P",,http://finance.eastmoney.com/a/202605063728683832.html,news_stream
20260506,证券时报网,远东股份：4月智能电池储能/算力AI业务千万元以上订单金额同比增长2394.90%,,http://finance.eastmoney.com/a/202605063728880831.html,news_stream
20260506,科创板日报,远东股份：4月子公司中标智能电池储能/算力AI相关订单合计7.37亿元,,http://finance.eastmoney.com/a/202605063728876542.html,news_stream
20260506,每日经济新闻,精达股份：公司用于AI服务器产品主要为镀银导体，主要应用于铜缆连接器中的线缆内芯,,http://finance.eastmoney.com/a/202605063728578481.html,news_stream
20260506,每日经济新闻,隆扬电子：公司HVLP5铜箔目前在配合客户交付部分样品订单，尚未有批量化订单,,http://finance.eastmoney.com/a/202605063728571682.html,news_stream
20260506,每日经济新闻,荣旗科技：公司外观缺陷检测设备运用机器视觉技术和AI技术,,http://finance.eastmoney.com/a/202605063728959411.html,news_stream
20260506,界面新闻,财说| 宣亚国际连亏三年，AI转型难解近渴,,http://finance.eastmoney.com/a/202605063728081421.html,news_stream
20260506,每日经济新闻,芒果超媒：公司先后推出了AIGC微短剧《坐标》、影漫联动AIGC漫剧《玉茗茶骨：攻略计划》等多部作品,,http://finance.eastmoney.com/a/202605063728961666.html,news_stream
20260506,每日经济新闻,洲明科技：在智慧园区领域，公司具备光显+AI一体化解决方案能力,,http://finance.eastmoney.com/a/202605063728961733.html,news_stream
20260506,每日经济新闻,洲明科技：Zbrain音视频智能体平台是公司“LED+AI”战略升级的产品,,http://finance.eastmoney.com/a/202605063728959830.html,news_stream
20260506,证券时报网,数字政通发布eGovaAgent政通智能体 落地智慧城市AI治理,,http://finance.eastmoney.com/a/202605063728534193.html,news_stream
20260506,每日经济新闻,*ST中岩：公司聚焦主业工程服务业务，未直接涉及ai龙虾,,http://finance.eastmoney.com/a/202605063728614490.html,news_stream
20260506,每日经济新闻,广联达：公司坚持AI战略，持续打造面向建筑行业各场景的AI智能体产品,,http://finance.eastmoney.com/a/202605063728966754.html,news_stream
20260506,财联社,OLED龙头维信诺营收稳步增长 ViP技术量产与AI大模型双线落地,,http://finance.eastmoney.com/a/202605063728456316.html,news_stream
20260506,中宏网,AI算力潮起：紫光股份一季度业绩强势攀升，全栈能力释放增长动能,,http://finance.eastmoney.com/a/202605063728624353.html,news_stream
20260506,界面新闻,科创100ETF鹏华(588220涨超3.2%，半导体设备与AI算力双轮驱动,,http://finance.eastmoney.com/a/202605063728347576.html,news_stream
20260506,东方财富证券,科创100ETF鹏华涨超3%，半导体设备与AI算力双轮驱动,,http://finance.eastmoney.com/a/202605063728364518.html,news_stream
20260506,每日经济新闻,全球AI业绩超预期提振信心，科创50助力一键布局硬科技核心引擎,,http://finance.eastmoney.com/a/202605063728715751.html,news_stream
20260506,界面新闻,半导体产业链持续强势，科创信息ETF嘉实(588100一键覆盖AI算力、芯片、通信等多个风口,,http://finance.eastmoney.com/a/202605063728445837.html,news_stream
20260506,东方财富证券,科创综指ETF鹏华涨超4%，半导体AI双轮驱动科创行情,,http://finance.eastmoney.com/a/202605063728336738.html,news_stream
20260506,界面新闻,科创综指ETF鹏华(589680涨超5.5%，半导体AI双轮驱动科创行情,,http://finance.eastmoney.com/a/202605063728379760.html,news_stream
20260505,东方财富证券,“我是股东”走进能科科技：共探工业AI赋能智造新路径,,http://finance.eastmoney.com/a/202605053727926698.html,news_stream
20260504,央视新闻,【大国工匠】梁凌宇：为电网铸造“AI底座”,,,news_stream
20260502,红星资本局,德林海将迎新股东，或为AI眼镜“大佬”，其承诺3年内不主动谋求上市公司控制权,,http://finance.eastmoney.com/a/202605023727553590.html,news_stream
20260502,中国经营网,AI重构财富管理：机构跑步入场 合规焦虑隐现,,http://finance.eastmoney.com/a/202605023727495979.html,news_stream
20260501,证券时报网,麒盛科技：全球智能床龙头营收稳健增长 聚焦研发AI睡眠大模型等四大方向,,http://finance.eastmoney.com/a/202605013727260195.html,news_stream
20260501,中国证券报·中证网,东吴智慧医疗量化混合A：2026年第一季度利润35.36万元 净值增长率0.53%,,http://finance.eastmoney.com/a/202605013727304038.html,news_stream
20260501,中国证券报·中证网,东吴安鑫量化混合A：2026年第一季度利润1.23万元 净值增长率0.41%,,http://finance.eastmoney.com/a/202605013727304130.html,news_stream
20260501,中国证券报·中证网,前海开源量化优选A：2026年第一季度利润97.31万元 净值增长率2.54%,,http://finance.eastmoney.com/a/202605013727135485.html,news_stream
20260501,中国证券报·中证网,华商新量化混合A：2026年第一季度利润1137.01万元 净值增长率5.15%,,http://finance.eastmoney.com/a/202605013727096224.html,news_stream
20260430,每日经济新闻,艾森股份：公司研发过程未涉及Ai4s,,http://finance.eastmoney.com/a/202604303726609224.html,news_stream
20260430,证券时报网,海目星：AI、光通信、固态电池三重引擎驱动价值重估,,http://finance.eastmoney.com/a/202604303726160662.html,news_stream
20260430,每日经济新闻,德林海迎AI眼镜“大佬”？ 祝铭明拟斥资逾4亿元入股 ：仅为财务投资目的,,http://finance.eastmoney.com/a/202604303726767317.html,news_stream
20260430,财联社,德林海：控股股东等拟协议转让14.97%公司股份 受让方承诺不会与上市公司开展AI眼镜业务,,http://finance.eastmoney.com/a/202604303726610379.html,news_stream
20260430,证券时报网,志邦家居：打造智造+ AI双引擎 以长期主义深耕海外,,http://finance.eastmoney.com/a/202604303725789659.html,news_stream
20260430,每日经济新闻,豫光金铅：目前公司生产的铜箔以锂电池铜箔为主，暂不涉及AI铜箔产品,,http://finance.eastmoney.com/a/202604303726489627.html,news_stream
20260430,证券时报网,汉朔科技：战略控股西安超嗨 成为全球最大AI智能购物车企业,,http://finance.eastmoney.com/a/202604303725554777.html,news_stream
20260430,每日经济新闻,商络电子：子公司风算智能在工业AIoT领域已开发机器人关节模组、电机驱动类解决方案,,http://finance.eastmoney.com/a/202604303726719943.html,news_stream
20260430,每日经济新闻,鹏鹞环保：目前公司并无与“AI算力”“AI基建配套”相关的已确定项目,,http://finance.eastmoney.com/a/202604303726719320.html,news_stream
20260430,每日经济新闻,业绩连亏两年！诚迈科技跨界AI教育，学生电脑能否成为破局利器？,,http://finance.eastmoney.com/a/202604303726397287.html,news_stream
20260430,每日经济新闻,濮阳惠成：公司项目建设不涉及AI场景应用,,http://finance.eastmoney.com/a/202604303726007564.html,news_stream
20260430,每日经济新闻,国投智能：公司AI监管业务根据市场情况灵活定价，提供项目制、SaaS订阅、按调用量计费等多种方案,,http://finance.eastmoney.com/a/202604303726719833.html,news_stream
20260430,证券时报网,华星创业等成立新公司 含AI及云计算相关业务,,http://finance.eastmoney.com/a/202604303726337737.html,news_stream
20260430,证券时报网,中公教育：一季度营收净利双增迎业绩拐点 改革与AI双轮驱动,,http://finance.eastmoney.com/a/202604303726170323.html,news_stream
20260430,每日经济新闻,单价涨、利润增、AI下场：快递公司一季报释放行业拐点信号，反内卷驱动盈利修复加速,,http://finance.eastmoney.com/a/202604303726786257.html,news_stream
20260430,每日经济新闻,联创电子：公司在AI眼镜领域涉及镜头及模组有相关的技术储备，但尚未对公司产生营收贡献,,http://finance.eastmoney.com/a/202604303726719737.html,news_stream
20260430,第一财经,多只国产AI芯片股飘红，寒武纪涨超17%成为A股“股王”,,http://finance.eastmoney.com/a/202604303726243949.html,news_stream
20260430,每日经济新闻,美年健康重构健康管理生态 AI赋能定义下一代服务标准,,http://finance.eastmoney.com/a/202604303726541540.html,news_stream
20260430,每日经济新闻,科大讯飞去年营收超270亿元！董事长刘庆峰：未来5年 AI+量子计算有望出现颠覆性突破,,http://finance.eastmoney.com/a/202604303725226372.html,news_stream
20260429,每日经济新闻,震荡市中把握央国企红利资产配置价值，红利国企ETF国泰（510720）上扬,,http://finance.eastmoney.com/a/202604293725240251.html,news_stream
20260429,证券时报网,宏微科技2025年实现扭亏为盈 SiC、GaN加速切入AIDC等新兴应用场景,,http://finance.eastmoney.com/a/202604293725135020.html,news_stream
20260429,证券时报网,合合信息一季度业绩亮眼 全球化与AI创新筑牢增长根基,,http://finance.eastmoney.com/a/202604293725112334.html,news_stream
20260429,证券时报网,永信至诚：AI业务收入同比大增306.75% 硬核技术筑牢数字安全壁垒,,http://finance.eastmoney.com/a/202604293724221943.html,news_stream
20260429,经济参考网,格灵深瞳2025年营收增长32.61% AI原生自进化产品体系初步成形,,http://finance.eastmoney.com/a/202604293724650741.html,news_stream
20260429,证券时报网,海尔生物一季度营收、净利环比双增 AI+战略加速落地推进,,http://finance.eastmoney.com/a/202604293725018440.html,news_stream
20260429,财联社,纳芯微：AI服务器电源需求放量 已覆盖头部客户并发布涨价函,,http://finance.eastmoney.com/a/202604293724513231.html,news_stream
20260429,证券时报网,新亚电子2025年业绩稳健高增 AI算力+汽车电子双轮驱动高质量发展,,http://finance.eastmoney.com/a/202604293725133088.html,news_stream
20260429,上海证券报·中国证券网,能科科技2026年一季度报发布：AI业务高速增长，盈利能力稳步提升,,http://finance.eastmoney.com/a/202604293725022778.html,news_stream
20260429,证券时报网,引力传媒：一季度发力打造“AI原生型组织” 效率与创新共同驱动增长,,http://finance.eastmoney.com/a/202604293725071517.html,news_stream
20260429,证券时报网,掌阅科技：2026年将全面推进AI短剧工业化布局,,http://finance.eastmoney.com/a/202604293724097486.html,news_stream
20260429,人民财讯,掌阅科技：2026年将全面推进AI短剧工业化布局,,http://finance.eastmoney.com/a/202604293724089132.html,news_stream
20260429,界面新闻,家电巨头的“第二战场”：海信收购达驰电气，预计AI相关用电将占全国电网总负荷的5%,,http://finance.eastmoney.com/a/202604293724232176.html,news_stream
20260429,中国网财经,复星医药2026年一季报：扣非净利同比增长21.96% 将持续深化数字化与AI战略布局,,http://finance.eastmoney.com/a/202604293725107371.html,news_stream
20260429,经济参考网,汉朔科技战略控股西安超嗨 加速构建AI智能购物车全球版图,,http://finance.eastmoney.com/a/202604293724649956.html,news_stream
20260429,每日经济新闻,AI算力东风也“吹不动”了？联特科技一季度净利润骤降超八成，超11亿元存货压顶,,http://finance.eastmoney.com/a/202604293725129860.html,news_stream
20260429,证券时报网,格林新能发布AI+新能源资产组合 国际资本关注,,http://finance.eastmoney.com/a/202604293723785211.html,news_stream
20260429,证券时报网,申昊科技2025年营收同比增长98.15% “AI+机器人+行业”战略加速落地,,http://finance.eastmoney.com/a/202604293724344172.html,news_stream
20260429,证券时报网,因赛集团：2026年一季度经营现金流净额翻倍 AI驱动营销科技转型提速,,http://finance.eastmoney.com/a/202604293723480114.html,news_stream
20260429,每日经济新闻,万马科技：公司积极拓展AIDC领域客户，顺利切入智算数据中心领域,,http://finance.eastmoney.com/a/202604293725027175.html,news_stream
20260429,证券时报网,吉大通信2025年研发投入超3500万元 培育AI体育、能源数智化等新兴增长曲线,,http://finance.eastmoney.com/a/202604293724117183.html,news_stream
20260429,时代周报,两年人效翻倍？华图山鼎去年归母净利增354%，AI节省30%申论批改人力耗时,,http://finance.eastmoney.com/a/202604293724226066.html,news_stream
20260429,深圳商报·读创,昆仑万维一季度再亏8.9亿：AI故事“烧钱”难止，销售费用飙涨83%,,http://finance.eastmoney.com/a/202604293724233066.html,news_stream
20260429,每日经济新闻,元力股份：公司超级电容炭已达产并实现稳定销售，AI算力发展扩大了超级电容炭的需求,,http://finance.eastmoney.com/a/202604293724153323.html,news_stream
20260429,深圳商报·读创,睿智医药一季度剔除股权激励摊销扣非净利润大增672% “整包+AI”稳步蓄势,,http://finance.eastmoney.com/a/202604293724160261.html,news_stream
20260429,证券时报网,老板电器2025年营收101.16亿元 AI数字厨电销售额同比增长36%,,http://finance.eastmoney.com/a/202604293724981085.html,news_stream
20260429,南方都市报,游族网络去年营收14亿元，今年一季度利润涨3倍，重投AI,,http://finance.eastmoney.com/a/202604293724221660.html,news_stream
20260429,证券时报网,远望谷2025年营收增长10.51% 抢抓“RFID+AI”融合新机遇,,http://finance.eastmoney.com/a/202604293724061186.html,news_stream
20260429,证券时报网,广合科技：受益AI算力需求增长 一季度净利润同比增长63.31%,,http://finance.eastmoney.com/a/202604293724509449.html,news_stream
20260429,证券时报网,慕思股份：AI布局致短期业绩承压 承诺年分红不低于5.5亿,,http://finance.eastmoney.com/a/202604293723123647.html,news_stream
20260429,证券时报网,民爆光电完成厦芝精密51%股权收购 双轮驱动卡位AI算力上游黄金赛道,,http://finance.eastmoney.com/a/202604293724699162.html,news_stream
20260429,新华财经,可孚医疗一季度扣非净利润同比增长37% AI驱动产品升级打开增长空间,,http://finance.eastmoney.com/a/202604293724716470.html,news_stream
20260429,证券时报网,可孚医疗一季度扣非净利增近37%，AI赋能产品升级加速全球化布局,,http://finance.eastmoney.com/a/202604293724758849.html,news_stream
20260429,证券时报网,壹连科技：深化“一主两翼”布局，储能与AIDC构筑成长新引擎,,http://finance.eastmoney.com/a/202604293723907630.html,news_stream
20260429,证券时报网,赛意信息：2025年稳健蓄力，2026年首季向好，AI赋能与研发创新驱动新增长,,http://finance.eastmoney.com/a/202604293724111031.html,news_stream
20260428,证券日报,全球化与AI双轮驱动 祥生医疗一季度归母净利润环比增长103.84%,,http://finance.eastmoney.com/a/202604283722838191.html,news_stream
20260428,证券时报网,纵横通信2025年AI数字营销业务收入同比增长35%，低空业务实现商业化突破,,http://finance.eastmoney.com/a/202604283721971627.html,news_stream
20260428,证券时报网,浙大网新2025年营收32.78亿元，AI向实深耕多场景,,http://finance.eastmoney.com/a/202604283722792141.html,news_stream
20260428,每日经济新闻,富维股份：基于公司目前业务，暂无轻量化技术应用于张雪机车,,http://finance.eastmoney.com/a/202604283722265796.html,news_stream
20260428,每日经济新闻,鑫源智造：公司镁合金轻量化零部件业务目前主要服务于汽车主机厂的一级配套供应商，直接出口收入较少,,http://finance.eastmoney.com/a/202604283722527380.html,news_stream
20260428,每日经济新闻,壹连科技：公司目前为Bloom Energy（BE）提供AIDC电连接组件产品,,http://finance.eastmoney.com/a/202604283722846192.html,news_stream
20260428,证券时报网,凡拓数创：A股物理AI新锐对标港股双雄 2025年营收6.31亿元,,http://finance.eastmoney.com/a/202604283722085461.html,news_stream
20260428,证券时报网,汉朔科技：业绩逐季修复 AI生态赋能公司步入价值重估新周期,,http://finance.eastmoney.com/a/202604283721954727.html,news_stream
20260428,证券时报网,荣信文化2025年年报：营收逆势增长近三成，AI+IP双轮驱动高质量发展,,http://finance.eastmoney.com/a/202604283721998793.html,news_stream
20260428,证券时报网,泽宇智能一季度净利润同比增长110% 在手订单与AI业务布局逐步推进,,http://finance.eastmoney.com/a/202604283722948542.html,news_stream
20260428,证券时报网,零点有数：2025年业绩改善 AIKC战略锚定新增长,,http://finance.eastmoney.com/a/202604283721920212.html,news_stream
20260428,证券时报网,汉嘉数智：2025年战略转型成效显著 “大数据+AI”双轮驱动城市治理赛道突破,,http://finance.eastmoney.com/a/202604283721485647.html,news_stream
20260428,证券时报网,弘信电子2025年净利增长159% 算力业务爆发构筑AI全栈生态,,http://finance.eastmoney.com/a/202604283723100644.html,news_stream
20260428,证券时报网,外延并购+内生提质 熙菱信息2025年用“AI与资本”破局构筑政企转型发展根基,,http://finance.eastmoney.com/a/202604283723086559.html,news_stream
20260428,人民财讯,ST浩丰新设子公司 含多项AI相关业务,,http://finance.eastmoney.com/a/202604283722037311.html,news_stream
20260428,证券时报网,鼎捷数智一季度实现营收4.36亿元，AI解决方案迈向规模商业化扩张,,http://finance.eastmoney.com/a/202604283723041727.html,news_stream
20260428,中国财富通,上海钢联：数据“巨轮”穿越周期，AI引擎重塑大宗商品价值锚点,,http://finance.eastmoney.com/a/202604283722445061.html,news_stream
20260428,证券时报网,上海钢联2025年净利增长31.85% AI产品实现从技术验证到商业落地,,http://finance.eastmoney.com/a/202604283721958729.html,news_stream
20260428,财联社,国投智能：一季度海外商机充足，今年计划推出3款AI出海产品,,http://finance.eastmoney.com/a/202604283722718158.html,news_stream
20260428,21世纪经济报道,健讯Daily|2025年人均预期寿命已达79.25岁，健康城镇创建大幕拉开,,http://finance.eastmoney.com/a/202604283721237596.html,news_stream
20260428,证券时报网,教育AI政策进入系统实施阶段，竞业达垂类大模型及智能体产品规模化落地,,http://finance.eastmoney.com/a/202604283722796623.html,news_stream
20260428,证券时报网,反内卷与AI战略共振 申通快递一季度扣非净利增长超100%,,http://finance.eastmoney.com/a/202604283722580732.html,news_stream
20260428,每日经济新闻,力生制药：公司目前不涉及机器人、AI制药、脑机接口相关业务布局,,http://finance.eastmoney.com/a/202604283722865278.html,news_stream
20260428,证券时报网,怡亚通：一季度净利润环比增长104.75%，AI算力业务空间广阔,,http://finance.eastmoney.com/a/202604283723069051.html,news_stream
20260428,证券时报网,游族网络：AI助力经营效能提升，一季度扣非净利润同比大增347.4%,,http://finance.eastmoney.com/a/202604283722796030.html,news_stream
20260428,证券时报网,利欧股份：全链路AI应用重构数字营销生态，多元业务并进注入增长动力,,http://finance.eastmoney.com/a/202604283723086144.html,news_stream
20260428,广州日报,企业级应用加速从向“AI+”演进，神州数码今年一季度AI相关收入增长119%,,http://finance.eastmoney.com/a/202604283720966629.html,news_stream
20260427,人民财讯,罗曼股份：一季度净利润同比增长222.75%；新增AI算力板块业务,,http://finance.eastmoney.com/a/202604273720270462.html,news_stream
20260427,人民财讯,数据港成立智算科技公司 含AI相关业务,,http://finance.eastmoney.com/a/202604273719968821.html,news_stream
20260427,每日经济新闻,惠达卫浴：目前公司产品未涉及AIGC领域技术,,http://finance.eastmoney.com/a/202604273720328538.html,news_stream
20260427,每日经济新闻,出版传媒：公司所属音像社、电子社等公司，参与制作视频短剧等作品，部分制作中使用AI技术,,http://finance.eastmoney.com/a/202604273720167891.html,news_stream
20260427,每日经济新闻,贵广网络：目前不涉及AI算力租赁、智算运营等服务,,http://finance.eastmoney.com/a/202604273720279389.html,news_stream
20260427,人民财讯,民爆光电等成立智能科技公司 含多项AI业务,,http://finance.eastmoney.com/a/202604273720013029.html,news_stream
20260427,证券时报网,AI电源PCB业务打开增长天花板 威尔高2025年营收规模创新高,,http://finance.eastmoney.com/a/202604273720819675.html,news_stream
20260427,财联社,东山精密股价年内涨幅超120%背后：AI 算力需求持续爆发 Q1净利同比增长143% | 财报解读,,http://finance.eastmoney.com/a/202604273720850060.html,news_stream
20260427,证券时报网,三维天地：2025年成功扭亏为盈 AI+数据治理打开成长新空间,,http://finance.eastmoney.com/a/202604273720766358.html,news_stream
20260427,每日经济新闻,锦鸡股份：锦穹科技为公司控股子公司，其业务范围不涉及液冷服务器、PCB、CPO等AI硬件业务,,http://finance.eastmoney.com/a/202604273720674149.html,news_stream
20260427,证券时报网,万兴科技2025年营收超15亿元 AI原生应用收入同比涨超90%,,http://finance.eastmoney.com/a/202604273720834528.html,news_stream
20260427,证券时报网,拓斯达AI注塑解决方案亮相CHINAPLAS 2026,,http://finance.eastmoney.com/a/202604273719818649.html,news_stream
20260427,证券时报网,新迅达2025年同比减亏66.88%，成立子公司涉足AI业务,,http://finance.eastmoney.com/a/202604273720920166.html,news_stream
20260427,每日经济新闻,伊之密：半固态镁合金设备主要面向新能源汽车等轻量化应用场景,,http://finance.eastmoney.com/a/202604273720268655.html,news_stream
20260427,每日经济新闻,中文在线：公司正积极探索AI漫剧在互动影游等前沿领域的深度应用，多款产品正在研发迭代,,http://finance.eastmoney.com/a/202604273720016141.html,news_stream
20260427,证券时报网,任子行：2025年扭亏为盈 AI+安全战略驱动业绩与技术双突破,,http://finance.eastmoney.com/a/202604273720896517.html,news_stream
20260427,中国证券报·中证网,豪美新材：2025年营收77.78亿元 汽车轻量化业务增长,,http://finance.eastmoney.com/a/202604273720376391.html,news_stream
20260427,证券时报网,实丰文化一季度净利润同比增逾两倍 AI玩具成业绩核心驱动力,,http://finance.eastmoney.com/a/202604273719520732.html,news_stream
20260427,证券时报网,海康威视：全面拥抱AI大模型 深耕场景数字化,,http://finance.eastmoney.com/a/202604273720578444.html,news_stream
20260427,证券时报网,千方科技发布2026年一季报：把握公路数字化发展机遇 AI赋能产品迭代升级,,http://finance.eastmoney.com/a/202604273720285051.html,news_stream
20260427,每日经济新闻,粤 传 媒：公司与影谱科技在AI影像领域未有技术及业务的合作,,http://finance.eastmoney.com/a/202604273720016240.html,news_stream
20260427,界面新闻,AI商业化与算力国产化共振，南方基金旗下科创综指ETF南方(589660跟踪标的指数上证科创板综合指数000680.SH)收涨2.50%,,http://finance.eastmoney.com/a/202604273720978877.html,news_stream
20260427,证券时报网,引力传媒：2025年营收同比增长31.71% 以AI为底座重构营销增长逻辑,,http://finance.eastmoney.com/a/202604273720840610.html,news_stream
20260427,证券时报网,值得买发布《2025年可持续发展报告》：以AI赋能可持续消费,,http://finance.eastmoney.com/a/202604273719923480.html,news_stream
20260427,中国基金报,美年健康：年报业绩“含AI量”持续提升，AI相关营收达3.7亿元,,http://finance.eastmoney.com/a/202604273720774280.html,news_stream
20260426,财联社,直击CCMT2026：人形机器人赛道出圈 AI机床落地提速 高端增量订单锚定核心下游,,http://finance.eastmoney.com/a/202604263719180765.html,news_stream
20260426,证券时报网,AI算力芯片测试需求爆发 强一股份一季度净利润同比增近7倍,,http://finance.eastmoney.com/a/202604263719373480.html,news_stream
20260426,财中社,颀中科技拟出资5000万元入股奕成科技，加速布局AI、HPC等高毛利领域,,http://finance.eastmoney.com/a/202604263719259085.html,news_stream
20260426,中国基金报,股价重挫！千亿龙头“爆雷”，1季度净利暴跌82%；百亿公司，亏损近4800万！AI引爆的液冷行业，为何难赚钱？,,http://finance.eastmoney.com/a/202604263719186481.html,news_stream
20260426,证券时报网,德生科技：AI赋能民生服务，经营质量持续优化,,http://finance.eastmoney.com/a/202604263719373162.html,news_stream
20260426,财联社,“AI老法师”上岗记：当大模型接管工厂，让“制造”像生命一样进化,,http://finance.eastmoney.com/a/202604263719329990.html,news_stream
20260426,中国证券报·中证网,软通动力2025年营收同比增长12.05% AI相关业务收入占比52.6%,,http://finance.eastmoney.com/a/202604263719293082.html,news_stream
20260426,证券时报网,锋尚文化一季报归母净利润大增468.91% 海外+AI虚拟人双轮打开成长新空间,,http://finance.eastmoney.com/a/202604263719347669.html,news_stream
20260426,证券时报网,九洲集团：归母净利润激增107.52%，AI智算打开第二增长曲线,,http://finance.eastmoney.com/a/202604263719335026.html,news_stream
20260425,中国证券报·中证网,雷神科技一季度净利增长54.42% 信创+AI硬件构筑增长双引擎,,http://finance.eastmoney.com/a/202604253719049067.html,news_stream
20260425,中国经营报,贷款收购亏损标的 康众医疗“豪赌”AI医疗,,http://finance.eastmoney.com/a/202604253718886837.html,news_stream
20260425,证券时报网,华大智造2025年实现营收27.8亿元 全栈平台效应显现 AI+多组学驱动第二曲线,,http://finance.eastmoney.com/a/202604253718964682.html,news_stream
20260425,深圳商报·读创,凯文教育扣非连亏十年，高额折旧摊销吞噬利润，AI故事能否拯救重资产困局？,,http://finance.eastmoney.com/a/202604253719046563.html,news_stream
20260425,中国经营网,人工智能成“战略引擎” 银行AI人才争夺战白热化,,http://finance.eastmoney.com/a/202604253718631221.html,news_stream
20260424,证券时报网,雷神科技2026年一季报：净利润大增54.42% 信创+AI硬件构筑增长双引擎,,http://finance.eastmoney.com/a/202604243718536238.html,news_stream
20260424,新京报,无问智科完成超亿元融资 加快物理AI数据基座打造,,http://finance.eastmoney.com/a/202604243718913271.html,news_stream
20260424,证券时报网,奥尼电子2025年实现营收9.46亿元 深度布局AI云边端一体化产品,,http://finance.eastmoney.com/a/202604243718567162.html,news_stream
20260424,证券时报网,国能日新：一季度扣非净利同比增39.47%，AI大模型与电力交易双轮驱动,,http://finance.eastmoney.com/a/202604243718274360.html,news_stream
20260424,证券时报网,三维天地2026数智化实验室高峰论坛广州举办 AI重塑检验检测产业新生态,,http://finance.eastmoney.com/a/202604243717421990.html,news_stream
20260424,每日经济新闻,交大思诺：公司未独立研发 AI 大模型,,http://finance.eastmoney.com/a/202604243718010567.html,news_stream
20260424,每日经济新闻,佳禾智能：公司有AI玩具类产品业务布局，目前该品类发展尚处于早期阶段，对公司营收影响较小,,http://finance.eastmoney.com/a/202604243718482288.html,news_stream
20260424,每日经济新闻,惠威科技：公司并未开发AI智能体龙虾的产品,,http://finance.eastmoney.com/a/202604243718459753.html,news_stream
20260424,证券时报网,广电运通第一季度营收达22.12亿元，AI+等创新业务释放动能,,http://finance.eastmoney.com/a/202604243718332886.html,news_stream
20260424,央广财经,金山办公2026年首季营收同比增长24% AI、协作、国际化齐发力,,http://finance.eastmoney.com/a/202604243716735848.html,news_stream
20260424,上海证券报,OpenAI再添一把火，算力芯片股午后起飞,,http://finance.eastmoney.com/a/202604243717838791.html,news_stream
20260424,21世纪经济报道,喜临门财报稳中有进，线上渠道同店坪效精进，AI产品谋新篇,,http://finance.eastmoney.com/a/202604243718604672.html,news_stream
20260424,证券时报网,国网信通：抢抓国家战略机遇 以算电协同与电力AI赋能新型电力系统,,http://finance.eastmoney.com/a/202604243718466635.html,news_stream
20260424,证券时报网,科翔股份发布财报：营收稳健增长，卡位高端AI算力供应链,,http://finance.eastmoney.com/a/202604243718437577.html,news_stream
20260424,证券时报网,三年研发投入超10亿元 景嘉微“GPU+边端侧AI”布局蓄力AI算力未来,,http://finance.eastmoney.com/a/202604243717842290.html,news_stream
20260424,21世纪经济报道,歌尔股份回归盈利轨道：净利润连增十个季度，AI注入新动力,,http://finance.eastmoney.com/a/202604243717981711.html,news_stream
20260424,证券时报网,信通电子AIoT战略重塑锚定长远 技术赋能开启发展新征程,,http://finance.eastmoney.com/a/202604243717335422.html,news_stream
20260424,每日经济新闻,京东方申请注册AI工厂商标,,http://finance.eastmoney.com/a/202604243717770313.html,news_stream
20260423,中国基金报,赵明车圈首秀！601777，加速AI商业化,,http://finance.eastmoney.com/a/202604233716215090.html,news_stream
20260423,证券时报网,华兰股份：2025年净利增长21%主业稳固 AI制药开启第二成长曲线,,http://finance.eastmoney.com/a/202604233716667232.html,news_stream
20260423,广州日报新花城,值得买科技2025年净利润同比增长14.99%，全年“AI相关收入”8716.60万元,,http://finance.eastmoney.com/a/202604233716755221.html,news_stream
20260423,界面新闻,值得买科技2025年净利润同比增长14.99%，全年“AI相关收入”8716.60万元,,http://finance.eastmoney.com/a/202604233716771826.html,news_stream
20260423,界面新闻,海伦钢琴发布2025年报：智能乐器业务高增，全拓科技入主注入“AI+”新动能,,http://finance.eastmoney.com/a/202604233715660617.html,news_stream
20260423,证券时报网,尔康制药：一季度海外资源布局加速，AI应用正式上线,,http://finance.eastmoney.com/a/202604233716272617.html,news_stream
20260423,证券时报网,歌尔股份一季度业绩实现营收与净利润双增 AI相关业务驱动盈利提升,,http://finance.eastmoney.com/a/202604233716380632.html,news_stream
20260423,上海证券报·中国证券网,奔图科技首发AI打印一体机,,http://finance.eastmoney.com/a/202604233715931048.html,news_stream
20260423,界面新闻,沪深300红利ETF建信(512530所跟踪指数红盘收涨，高股息+强韧性彰显，红利资产配置价值再获认可,,http://finance.eastmoney.com/a/202604233716019187.html,news_stream
20260423,每日经济新闻,生益电子：2025年净利润同比增长343.76%，AI算力相关产品同比增长242%,,http://finance.eastmoney.com/a/202604233716443642.html,news_stream
20260423,人民财讯,生益电子：2025年净利润同比增长343.76%，AI算力相关产品同比增长242%,,http://finance.eastmoney.com/a/202604233716338833.html,news_stream
20260423,每日经济新闻,海博思创：在“AI赋能”方面，公司打造“人工智能驱动的运维平台”，提供储能业务全生命周期的增值服务,,http://finance.eastmoney.com/a/202604233716045659.html,news_stream
20260423,新华财经,金山办公一季度营收16.13亿元  AI驱动商业化加速落地,,http://finance.eastmoney.com/a/202604233716609166.html,news_stream
20260423,理财周刊-财事汇,公募一季度持续加码AI投资 结构性亮点十足,,http://finance.eastmoney.com/a/202604233716155159.html,news_stream
20260423,澎湃新闻,三年要上车800万辆，印奇：AI没有区隔，车是通往具身的必经之路,,http://finance.eastmoney.com/a/202604233715903378.html,news_stream
20260423,证券时报网,软通华方发布全新品牌战略FunAI,,http://finance.eastmoney.com/a/202604233715304111.html,news_stream
20260423,澎湃新闻,安克创新发布首款存算一体AI芯片 CEO：在先进领域投入没有上限,,http://finance.eastmoney.com/a/202604233716340391.html,news_stream
20260423,证券时报网,昆仑万维：AI商业化快速增长 2025年营收同比增长44.78%至81.98亿元,,http://finance.eastmoney.com/a/202604233716517273.html,news_stream
20260423,每日经济新闻,对话科大讯飞刘庆峰：“AI+量子计算”将沿两条交织主线前进,,http://finance.eastmoney.com/a/202604233715788782.html,news_stream
20260423,央广财经,全栈AI基础设施赋能软通动力 开启产业升级新征程,,http://finance.eastmoney.com/a/202604233715933819.html,news_stream
20260423,证券时报网,仙乐健康2025年实现营收42.63亿元 新消费增幅50%AI提效40%,,http://finance.eastmoney.com/a/202604233716679055.html,news_stream
20260423,财联社,值得买科技发布2025年报：经营效率持续提升，AI驱动高质量发展,,http://finance.eastmoney.com/a/202604233716648094.html,news_stream
20260423,证券时报网,值得买科技发布2025年年报：经营效率持续提升，AI驱动高质量发展,,http://finance.eastmoney.com/a/202604233716687651.html,news_stream
20260423,21世纪经济报道,天孚通信财报“验牌”失败 AI算力板块极致分化,,http://finance.eastmoney.com/a/202604233714869055.html,news_stream
20260422,证券时报网,AI手机概念涨2.93%，主力资金净流入24股,,http://finance.eastmoney.com/a/202604223714083494.html,news_stream
20260422,证券时报网,盈康生命一季度实现营收4.96亿元 AI及脑科学布局稳步推进,,http://finance.eastmoney.com/a/202604223714322350.html,news_stream
20260422,证券时报网,萤石网络锚定长期主义 AI驱动多点开花,,http://finance.eastmoney.com/a/202604223713282495.html,news_stream
20260422,界面新闻,半导体与AI产业链成基金加仓核心选择，科创芯片ETF国泰589100涨0.81%，一键打包国产芯片全产业链,,http://finance.eastmoney.com/a/202604223713856044.html,news_stream
20260422,每日经济新闻,20cm速递丨人工智能蓬勃发展，AI主线火热，科创综指ETF国泰（589630）午后涨超1.2%,,http://finance.eastmoney.com/a/202604223713983027.html,news_stream
20260422,证券时报网,鹏鼎控股淮安新园区开建 布局高端PCB核心产能抢抓AI产业机遇,,http://finance.eastmoney.com/a/202604223713948059.html,news_stream
20260422,时代财经,宏和科技一季报利润大增354%！AI驱动电子布狂飙背后，300倍PE能否持续？,,http://finance.eastmoney.com/a/202604223713510393.html,news_stream
20260421,中国证券报·中证网,西部利得量化成长混合A：2026年第一季度利润1.01亿元 净值增长率10.16%,,http://finance.eastmoney.com/a/202604213712257816.html,news_stream
20260421,上海证券报,600869，20亿元定增加码AIDC光棒,,http://finance.eastmoney.com/a/202604213712866339.html,news_stream
20260421,证券时报网,统一股份斩获“液冷灯塔企业奖” 解码AI驱动与全维度测试的行业新范式,,http://finance.eastmoney.com/a/202604213712463885.html,news_stream
20260421,每日经济新闻,直击业绩会｜首创环保圈定“十五五”战略关键词：AI+并购 生态环保行业将迈入运营为王新阶段,,http://finance.eastmoney.com/a/202604213712921083.html,news_stream
20260421,人民财讯,国瓷材料：2026年AI服务器及车规用MLCC介质粉体销售有望快速增长,,http://finance.eastmoney.com/a/202604213711626668.html,news_stream
20260421,每日经济新闻,楚江新材：公司精密铜带、铜导体、铜合金线材等铜基材料产品可应用于5G通讯、AI算力、机器人等领域,,http://finance.eastmoney.com/a/202604213712779976.html,news_stream
20260421,财中社,中贝通信：出资4000万元参设创投基金，支持AI产业园孵化中心运营,,http://finance.eastmoney.com/a/202604213712362541.html,news_stream
20260421,财联社,远东股份：一季度净利润同比增长110% 智能电池储能/算力AI板块收入增加,,http://finance.eastmoney.com/a/202604213712513824.html,news_stream
20260421,财联社,远东股份：拟募资不超20亿元 用于AIDC用全合成光纤预制棒制造项目等,,http://finance.eastmoney.com/a/202604213712519765.html,news_stream
